ID,Genre,MovieID,Name,Popularity,Rate,Year,Genre_1,Genre_2,Genre_3,Genre_4,Genre_5,Genre_6,Genre_7
20,Comedy|Drama|Romance|War,356,Forrest Gump ,329,4.0578,1994,Comedy,Drama,Romance,War,,,
232,Crime|Drama,318,"Shawshank Redemption, The ",317,4.3281,1994,Crime,Drama,,,,,
16,Comedy|Crime|Drama|Thriller,296,Pulp Fiction ,307,4.0977,1994,Comedy,Crime,Drama,Thriller,,,
34,Crime|Horror|Thriller,593,"Silence of the Lambs, The ",279,4.0538,1991,Crime,Horror,Thriller,,,,
166,Action|Sci-Fi|Thriller,2571,"Matrix, The ",278,4.0647,1999,Action,Sci-Fi,Thriller,,,,
15,Action|Adventure|Sci-Fi,260,Star Wars: Episode IV - A New Hope ,251,4.1315,1977,Action,Adventure,Sci-Fi,,,,
26,Action|Adventure|Sci-Fi|Thriller,480,Jurassic Park ,238,3.6723,1993,Action,Adventure,Sci-Fi,Thriller,,,
7,Action|Drama|War,110,Braveheart ,237,3.9198,1995,Action,Drama,War,,,,
478,Action|Sci-Fi,589,Terminator 2: Judgment Day ,224,3.8571,1991,Action,Sci-Fi,,,,,
28,Drama|War,527,Schindler's List ,220,4.1,1993,Drama,War,,,,,
192,Action|Crime|Drama|Thriller,2959,Fight Club ,218,4.1055,1999,Action,Crime,Drama,Thriller,,,
0,Adventure|Animation|Children|Comedy|Fantasy,1,Toy Story ,215,3.814,1995,Adventure,Animation,Children,Comedy,Fantasy,,
68,Action|Adventure|Sci-Fi,1196,Star Wars: Episode V - The Empire Strikes Back ,211,4.1043,1980,Action,Adventure,Sci-Fi,,,,
4,Crime|Mystery|Thriller,50,"Usual Suspects, The ",204,4.1029,1995,Crime,Mystery,Thriller,,,,
184,Drama|Romance,2858,American Beauty ,204,3.9314,1999,Drama,Romance,,,,,
3,Mystery|Thriller,47,Seven (a.k.a. Se7en) ,203,3.8571,1995,Mystery,Thriller,,,,,
42,Action|Adventure|Sci-Fi|Thriller,780,Independence Day (a.k.a. ID4) ,202,3.302,1996,Action,Adventure,Sci-Fi,Thriller,,,
463,Adventure|Drama|IMAX,150,Apollo 13 ,201,3.7711,1995,Adventure,Drama,IMAX,,,,
70,Action|Adventure,1198,Raiders of the Lost Ark (Indiana Jones and the Raiders of the Lost Ark) ,200,4.095,1981,Action,Adventure,,,,,
73,Action|Adventure|Sci-Fi,1210,Star Wars: Episode VI - Return of the Jedi ,196,4.0255,1983,Action,Adventure,Sci-Fi,,,,
1027,Crime|Drama,858,"Godfather, The ",192,4.1823,1972,Crime,Drama,,,,,
25,Thriller,457,"Fugitive, The ",190,3.9105,1993,Thriller,,,,,,
33,Action|Crime|Thriller,592,Batman ,189,3.3492,1989,Action,Crime,Thriller,,,,
121,Action|Drama|War,2028,Saving Private Ryan ,188,4.016,1998,Action,Drama,War,,,,
322,Adventure|Animation|Children|Comedy|Musical,588,Aladdin ,183,3.7158,1992,Adventure,Animation,Children,Comedy,Musical,,
36,Comedy|Crime|Drama|Thriller,608,Fargo ,181,4.0166,1996,Comedy,Crime,Drama,Thriller,,,
401,Drama|Horror|Mystery,2762,"Sixth Sense, The ",179,3.743,1999,Drama,Horror,Mystery,,,,
472,Action|Adventure|Comedy|Romance|Thriller,380,True Lies ,178,3.427,1994,Action,Adventure,Comedy,Romance,Thriller,,
292,Mystery|Sci-Fi|Thriller,32,Twelve Monkeys (a.k.a. 12 Monkeys) ,177,3.8814,1995,Mystery,Sci-Fi,Thriller,,,,
471,Adventure|Animation|Children|Drama|Musical|IMAX,364,"Lion King, The ",172,3.8314,1994,Adventure,Animation,Children,Drama,Musical,IMAX,
85,Adventure|Comedy|Sci-Fi,1270,Back to the Future ,171,3.9064,1985,Adventure,Comedy,Sci-Fi,,,,
621,Action|Romance|Thriller,377,Speed ,171,3.4211,1994,Action,Romance,Thriller,,,,
101,Action|Comedy|Sci-Fi,1580,Men in Black (a.k.a. MIB) ,165,3.3394,1997,Action,Comedy,Sci-Fi,,,,
32,Adventure|Drama|Western,590,Dances with Wolves ,164,3.7622,1990,Adventure,Drama,Western,,,,
37,Action|Adventure|Mystery|Thriller,648,Mission: Impossible ,162,3.4568,1996,Action,Adventure,Mystery,Thriller,,,
470,Comedy,344,Ace Ventura: Pet Detective ,161,2.9317,1994,Comedy,,,,,,
22,Action|Comedy|Crime|Fantasy,367,"Mask, The ",157,3.0955,1994,Action,Comedy,Crime,Fantasy,,,
75,Horror|Sci-Fi,1214,Alien ,146,3.8562,1979,Horror,Sci-Fi,,,,,
323,Animation|Children|Fantasy|Musical|Romance|IMAX,595,Beauty and the Beast ,146,3.6918,1991,Animation,Children,Fantasy,Musical,Romance,IMAX,
1134,Action|Crime|Thriller,1036,Die Hard ,145,3.7724,1988,Action,Crime,Thriller,,,,
27,Comedy|Drama,500,Mrs. Doubtfire ,144,3.2708,1993,Comedy,Drama,,,,,
531,Action|Crime|Thriller,165,Die Hard: With a Vengeance ,144,3.4861,1995,Action,Crime,Thriller,,,,
84,Comedy|Fantasy|Romance,1265,Groundhog Day ,143,3.8182,1993,Comedy,Fantasy,Romance,,,,
69,Action|Adventure|Comedy|Fantasy|Romance,1197,"Princess Bride, The ",142,4.0915,1987,Action,Adventure,Comedy,Fantasy,Romance,,
233,Drama|Romance,1704,Good Will Hunting ,141,3.9291,1997,Drama,Romance,,,,,
17,Action|Adventure|Sci-Fi,316,Stargate ,140,3.2929,1994,Action,Adventure,Sci-Fi,,,,
89,Action|Adventure,1291,Indiana Jones and the Last Crusade ,140,3.9143,1989,Action,Adventure,,,,,
171,Action|Adventure|Sci-Fi,2628,Star Wars: Episode I - The Phantom Menace ,140,2.9714,1999,Action,Adventure,Sci-Fi,,,,
987,Drama|Romance,1721,Titanic ,140,3.2714,1997,Drama,Romance,,,,,
464,Action|Adventure|Comedy|Crime,153,Batman Forever ,137,2.854,1995,Action,Adventure,Comedy,Crime,,,
67,Adventure|Comedy|Fantasy,1136,Monty Python and the Holy Grail ,136,4.0221,1975,Adventure,Comedy,Fantasy,,,,
480,Comedy|Romance,597,Pretty Woman ,135,3.3778,1990,Comedy,Romance,,,,,
13,Adventure|Comedy,231,Dumb & Dumber (Dumb and Dumber) ,133,2.9323,1994,Adventure,Comedy,,,,,
588,Action|Crime|Drama|Thriller,293,Léon: The Professional (a.k.a. The Professional) (Léon) ,133,3.8947,1994,Action,Crime,Drama,Thriller,,,
1101,Drama,1193,One Flew Over the Cuckoo's Nest ,133,4.0752,1975,Drama,,,,,,
486,Action|Adventure|Thriller,10,GoldenEye ,132,3.3864,1995,Action,Adventure,Thriller,,,,
62,Crime|Mystery|Thriller,1089,Reservoir Dogs ,131,4.0916,1992,Crime,Mystery,Thriller,,,,
81,Action|Sci-Fi|Thriller,1240,"Terminator, The ",131,3.771,1984,Action,Sci-Fi,Thriller,,,,
147,Crime|Drama,2329,American History X ,129,4.0465,1998,Crime,Drama,,,,,
1136,Crime|Drama,1221,"Godfather: Part II, The ",129,4.1473,1974,Crime,Drama,,,,,
460,Children|Drama,34,Babe ,128,3.5703,1995,Children,Drama,,,,,
74,Crime|Drama,1213,Goodfellas ,126,4.1032,1990,Crime,Drama,,,,,
1028,Action|Adventure|Horror|Sci-Fi,1200,Aliens ,126,3.8254,1986,Action,Adventure,Horror,Sci-Fi,,,
728,Comedy|Drama|Sci-Fi,1682,"Truman Show, The ",125,3.592,1998,Comedy,Drama,Sci-Fi,,,,
1094,Action|Sci-Fi|Thriller,541,Blade Runner ,124,3.9677,1982,Action,Sci-Fi,Thriller,,,,
41,Action|Adventure|Romance|Thriller,736,Twister ,123,3.2439,1996,Action,Adventure,Romance,Thriller,,,
65,Children|Drama|Sci-Fi,1097,E.T. the Extra-Terrestrial ,122,3.6475,1982,Children,Drama,Sci-Fi,,,,
40,Action|Adventure|Thriller,733,"Rock, The ",121,3.5785,1996,Action,Adventure,Thriller,,,,
399,Action|Adventure|Comedy,2683,Austin Powers: The Spy Who Shagged Me ,121,3.0331,1999,Action,Adventure,Comedy,,,,
71,Crime|Drama|Sci-Fi|Thriller,1206,"Clockwork Orange, A ",120,3.8667,1971,Crime,Drama,Sci-Fi,Thriller,,,
180,Action|Comedy|Sci-Fi,2716,Ghostbusters (a.k.a. Ghost Busters) ,120,3.65,1984,Action,Comedy,Sci-Fi,,,,
60,Children|Comedy|Fantasy|Musical,1073,Willy Wonka & the Chocolate Factory ,119,3.7731,1971,Children,Comedy,Fantasy,Musical,,,
827,Children|Comedy,586,Home Alone ,116,2.9052,1990,Children,Comedy,,,,,
1030,Action|Adventure|Comedy|Sci-Fi,1527,"Fifth Element, The ",116,3.5776,1997,Action,Adventure,Comedy,Sci-Fi,,,
549,Action|Adventure|Sci-Fi,208,Waterworld ,115,2.8261,1995,Action,Adventure,Sci-Fi,,,,
670,Comedy|Drama|Fantasy|Romance|Thriller,587,Ghost ,115,3.3565,1990,Comedy,Drama,Fantasy,Romance,Thriller,,
381,Comedy|Drama,1968,"Breakfast Club, The ",113,3.6549,1985,Comedy,Drama,,,,,
539,Action|Crime|Thriller,185,"Net, The ",112,2.9732,1995,Action,Crime,Thriller,,,,
203,Crime|Drama,3147,"Green Mile, The ",111,3.991,1999,Crime,Drama,,,,,
19,Action|Crime|Drama|Thriller,349,Clear and Present Danger ,110,3.5727,1994,Action,Crime,Drama,Thriller,,,
481,Adventure|Children|Fantasy,2,Jumanji ,110,3.2818,1995,Adventure,Children,Fantasy,,,,
83,Horror,1258,"Shining, The ",109,3.945,1980,Horror,,,,,,
465,Drama|Horror,253,Interview with the Vampire: The Vampire Chronicles ,109,3.3578,1994,Drama,Horror,,,,,
723,Adventure|Drama|Sci-Fi,924,2001: A Space Odyssey ,109,3.8073,1968,Adventure,Drama,Sci-Fi,,,,
1179,Comedy,2918,Ferris Bueller's Day Off ,109,3.6606,1986,Comedy,,,,,,
134,Action|Adventure|Fantasy,2115,Indiana Jones and the Temple of Doom ,108,3.5,1984,Action,Adventure,Fantasy,,,,
599,Adventure|Drama|Sci-Fi,329,Star Trek: Generations ,108,3.3426,1994,Adventure,Drama,Sci-Fi,,,,
72,Action|Drama|War,1208,Apocalypse Now ,107,4.1121,1979,Action,Drama,War,,,,
108,Comedy|Crime,1732,"Big Lebowski, The ",106,3.7453,1998,Comedy,Crime,,,,,
321,Comedy|Drama|Romance,539,Sleepless in Seattle ,106,3.3962,1993,Comedy,Drama,Romance,,,,
378,Comedy|Romance,1923,There's Something About Mary ,105,3.5429,1998,Comedy,Romance,,,,,
12,Comedy,223,Clerks ,104,3.7308,1994,Comedy,,,,,,
462,Comedy|Romance,39,Clueless ,104,3.2212,1995,Comedy,Romance,,,,,
1093,Crime|Drama|Thriller,111,Taxi Driver ,104,4,1976,Crime,Drama,Thriller,,,,
313,Comedy|Romance,357,Four Weddings and a Funeral ,103,3.4369,1994,Comedy,Romance,,,,,
530,Drama|Thriller|War,161,Crimson Tide ,103,3.5728,1995,Drama,Thriller,War,,,,
1178,Comedy|Romance,2706,American Pie ,103,3.2039,1999,Comedy,Romance,,,,,
2,Action|Crime|Thriller,6,Heat ,102,3.8725,1995,Action,Crime,Thriller,,,,
78,Drama|War,1222,Full Metal Jacket ,102,3.9804,1987,Drama,War,,,,,
1159,Comedy|Crime|Drama,778,Trainspotting ,102,3.8627,1996,Comedy,Crime,Drama,,,,
587,Action|Drama|Sci-Fi|Thriller,292,Outbreak ,101,3.3663,1995,Action,Drama,Sci-Fi,Thriller,,,
633,Action|Adventure|Thriller,434,Cliffhanger ,101,2.9901,1993,Action,Adventure,Thriller,,,,
638,Drama|Thriller,454,"Firm, The ",101,3.4752,1993,Drama,Thriller,,,,,
98,Action|Adventure|Comedy,1517,Austin Powers: International Man of Mystery ,100,3.37,1997,Action,Adventure,Comedy,,,,
335,Drama|Romance,912,Casablanca ,100,4.12,1942,Drama,Romance,,,,,
197,Comedy|Drama|Fantasy,2997,Being John Malkovich ,99,3.8283,1999,Comedy,Drama,Fantasy,,,,
518,Comedy,104,Happy Gilmore ,99,3.303,1996,Comedy,,,,,,
604,Comedy|Romance,339,While You Were Sleeping ,98,3.398,1995,Comedy,Romance,,,,,
103,Crime|Film-Noir|Mystery|Thriller,1617,L.A. Confidential ,97,3.9278,1997,Crime,Film-Noir,Mystery,Thriller,,,
194,Adventure|Animation|Children|Comedy|Crime|Fantasy|Mystery,2987,Who Framed Roger Rabbit? ,97,3.4639,1988,Adventure,Animation,Children,Comedy,Crime,Fantasy,Mystery
722,Comedy|War,750,Dr. Strangelove or: How I Learned to Stop Worrying and Love the Bomb ,97,4.134,1964,Comedy,War,,,,,
735,Adventure|Animation|Children|Comedy|Fantasy,3114,Toy Story 2 ,97,3.7113,1999,Adventure,Animation,Children,Comedy,Fantasy,,
729,Comedy|Drama|Romance,1784,As Good as It Gets ,96,3.5521,1997,Comedy,Drama,Romance,,,,
1170,Drama,1961,Rain Man ,96,3.6667,1988,Drama,,,,,,
162,Comedy|Crime,2502,Office Space ,94,3.9255,1999,Comedy,Crime,,,,,
1419,Animation|Children|Fantasy|Musical,551,"Nightmare Before Christmas, The ",93,3.4409,1993,Animation,Children,Fantasy,Musical,,,
44,Adventure|Children|Fantasy|Musical,919,"Wizard of Oz, The ",92,3.7717,1939,Adventure,Children,Fantasy,Musical,,,
584,Action|Crime|Thriller,288,Natural Born Killers ,92,3.1848,1994,Action,Crime,Thriller,,,,
730,Action|Romance|Sci-Fi|Thriller,1917,Armageddon ,92,2.913,1998,Action,Romance,Sci-Fi,Thriller,,,
1600,Adventure|Animation|Children|Comedy,2355,"Bug's Life, A ",92,3.3804,1998,Adventure,Animation,Children,Comedy,,,
1608,Comedy|Drama|Romance,2396,Shakespeare in Love ,92,3.6848,1998,Comedy,Drama,Romance,,,,
141,Comedy|Fantasy,2174,Beetlejuice ,91,3.3077,1988,Comedy,Fantasy,,,,,
182,Comedy|Drama|Fantasy|Romance,2797,Big ,91,3.6154,1988,Comedy,Drama,Fantasy,Romance,,,
355,Adventure|Drama,1259,Stand by Me ,91,3.9011,1986,Adventure,Drama,,,,,
1165,Action|Adventure|Sci-Fi|Thriller,1356,Star Trek: First Contact ,91,3.7802,1996,Action,Adventure,Sci-Fi,Thriller,,,
2146,Action|Horror,1387,Jaws ,91,3.9121,1975,Action,Horror,,,,,
727,Action|Adventure|Thriller,1610,"Hunt for Red October, The ",90,3.7444,1990,Action,Adventure,Thriller,,,,
61,Comedy,1080,Monty Python's Life of Brian ,89,3.764,1979,Comedy,,,,,,
291,Comedy|Crime|Thriller,21,Get Shorty ,89,3.4494,1995,Comedy,Crime,Thriller,,,,
119,Adventure|Comedy|Sci-Fi|Western,2012,Back to the Future Part III ,88,3.2159,1990,Adventure,Comedy,Sci-Fi,Western,,,
187,Action|Adventure|Sci-Fi|Thriller,2916,Total Recall ,88,3.5455,1990,Action,Adventure,Sci-Fi,Thriller,,,
391,Comedy|Drama|Romance|War,2324,Life Is Beautiful (La Vita è bella) ,88,4.0227,1997,Comedy,Drama,Romance,War,,,
492,Comedy,19,Ace Ventura: When Nature Calls ,88,2.6136,1995,Comedy,,,,,,
170,Action|Adventure|Comedy|Fantasy|Horror|Thriller,2617,"Mummy, The ",87,2.9425,1999,Action,Adventure,Comedy,Fantasy,Horror,Thriller,
404,Comedy,2791,Airplane! ,87,3.7471,1980,Comedy,,,,,,
835,Adventure|Comedy|Sci-Fi,2011,Back to the Future Part II ,87,3.3678,1989,Adventure,Comedy,Sci-Fi,,,,
361,Action|Comedy|Sci-Fi,1391,Mars Attacks! ,86,2.9767,1996,Action,Comedy,Sci-Fi,,,,
524,Comedy,141,"Birdcage, The ",86,3.4419,1996,Comedy,,,,,,
725,Drama,1246,Dead Poets Society ,86,3.8023,1989,Drama,,,,,,
1031,Drama|Sci-Fi|Thriller,1653,Gattaca ,86,3.8256,1997,Drama,Sci-Fi,Thriller,,,,
865,Comedy|Romance,1307,When Harry Met Sally... ,85,3.6588,1989,Comedy,Romance,,,,,
2419,Drama|Romance,1393,Jerry Maguire ,85,3.4353,1996,Drama,Romance,,,,,
77,Action|Comedy|Musical,1220,"Blues Brothers, The ",84,3.6905,1980,Action,Comedy,Musical,,,,
332,Mystery|Thriller,904,Rear Window ,84,4.119,1954,Mystery,Thriller,,,,,
473,Children|Comedy|Fantasy,410,Addams Family Values ,84,3.0119,1993,Children,Comedy,Fantasy,,,,
515,Action|Adventure|Thriller,95,Broken Arrow ,84,2.9405,1996,Action,Adventure,Thriller,,,,
76,Crime|Horror,1219,Psycho ,83,3.9157,1960,Crime,Horror,,,,,
724,Action|Romance,1101,Top Gun ,83,3.1446,1986,Action,Romance,,,,,
490,Crime|Drama,16,Casino ,82,3.7561,1995,Crime,Drama,,,,,
726,Drama|Sci-Fi,1584,Contact ,82,3.4878,1997,Drama,Sci-Fi,,,,,
1430,Comedy|Fantasy|Romance|Sci-Fi,788,"Nutty Professor, The ",82,2.622,1996,Comedy,Fantasy,Romance,Sci-Fi,,,
469,Drama,300,Quiz Show ,81,3.4691,1994,Drama,,,,,,
597,Comedy|Drama|Fantasy,317,"Santa Clause, The ",81,3.0864,1994,Comedy,Drama,Fantasy,,,,
1156,Action|Adventure|Sci-Fi,442,Demolition Man ,81,2.9753,1993,Action,Adventure,Sci-Fi,,,,
107,Action|Sci-Fi,1676,Starship Troopers ,80,3.2,1997,Action,Sci-Fi,,,,,
146,Drama|Fantasy|Romance,2291,Edward Scissorhands ,80,3.575,1990,Drama,Fantasy,Romance,,,,
504,Drama,62,Mr. Holland's Opus ,80,3.6375,1995,Drama,,,,,,
200,Adventure|Comedy|Fantasy,3052,Dogma ,79,3.4684,1999,Adventure,Comedy,Fantasy,,,,
864,Comedy|Drama|Romance,1247,"Graduate, The ",79,3.9367,1967,Comedy,Drama,Romance,,,,
100,Action|Crime|Drama|Thriller,1573,Face/Off ,77,3.2338,1997,Action,Crime,Drama,Thriller,,,
105,Drama|Mystery|Thriller,1625,"Game, The ",77,3.5065,1997,Drama,Mystery,Thriller,,,,
479,Animation|Children|Drama|Fantasy|Musical,594,Snow White and the Seven Dwarfs ,77,3.5195,1937,Animation,Children,Drama,Fantasy,Musical,,
603,Drama,337,What's Eating Gilbert Grape ,77,3.6364,1993,Drama,,,,,,
179,Animation|Comedy|Musical,2700,"South Park: Bigger, Longer and Uncut ",76,3.7105,1999,Animation,Comedy,Musical,,,,
353,Drama,1225,Amadeus ,76,4.0526,1984,Drama,,,,,,
495,Drama|Romance,25,Leaving Las Vegas ,76,3.5658,1995,Drama,Romance,,,,,
636,Comedy|Romance,440,Dave ,76,3.4605,1993,Comedy,Romance,,,,,
117,Action|Comedy|Crime|Drama,2000,Lethal Weapon ,75,3.5333,1987,Action,Comedy,Crime,Drama,,,
178,Action|Crime,2692,Run Lola Run (Lola rennt) ,75,3.8533,1998,Action,Crime,,,,,
415,Adventure|Comedy|Sci-Fi,3175,Galaxy Quest ,75,3.4667,1999,Adventure,Comedy,Sci-Fi,,,,
314,Adventure|Comedy|Western,368,Maverick ,74,3.4459,1994,Adventure,Comedy,Western,,,,
1484,Comedy,1485,Liar Liar ,74,2.8243,1997,Comedy,,,,,,
1102,Action|Adventure|Western,1201,"Good, the Bad and the Ugly, The (Buono, il brutto, il cattivo, Il) ",72,4.0417,1966,Action,Adventure,Western,,,,
342,Comedy|Crime,1079,"Fish Called Wanda, A ",71,3.8169,1988,Comedy,Crime,,,,,
862,Children|Comedy|Fantasy|Musical,1028,Mary Poppins ,71,3.7606,1964,Children,Comedy,Fantasy,Musical,,,
14,Comedy|Drama,235,Ed Wood ,70,3.5857,1994,Comedy,Drama,,,,,
193,Action|Crime|Drama|Sci-Fi|Thriller,2985,RoboCop ,70,3.2429,1987,Action,Crime,Drama,Sci-Fi,Thriller,,
474,Action|Thriller,474,In the Line of Fire ,70,3.6286,1993,Action,Thriller,,,,,
487,Comedy|Drama|Romance,11,"American President, The ",70,3.6,1995,Comedy,Drama,Romance,,,,
1475,Comedy|Horror|Mystery|Thriller,1407,Scream ,70,3.0429,1996,Comedy,Horror,Mystery,Thriller,,,
45,Drama|Mystery,923,Citizen Kane ,69,3.8986,1941,Drama,Mystery,,,,,
87,Comedy|Fantasy,1278,Young Frankenstein ,69,3.8986,1974,Comedy,Fantasy,,,,,
659,Comedy,520,Robin Hood: Men in Tights ,69,3.029,1993,Comedy,,,,,,
125,Adventure|Children|Comedy|Fantasy|Sci-Fi,2054,"Honey, I Shrunk the Kids ",68,2.6029,1989,Adventure,Children,Comedy,Fantasy,Sci-Fi,,
467,Drama|Romance|War|Western,266,Legends of the Fall ,68,3.3382,1994,Drama,Romance,War,Western,,,
977,Action|Adventure|Thriller,1370,Die Hard 2 ,68,3.2647,1990,Action,Adventure,Thriller,,,,
1400,Animation|Children|Drama|Musical|Romance,48,Pocahontas ,68,3.0294,1995,Animation,Children,Drama,Musical,Romance,,
1473,Comedy|Musical|Romance,1380,Grease ,68,2.9559,1978,Comedy,Musical,Romance,,,,
149,Action|Thriller,2353,Enemy of the State ,67,3.3582,1998,Action,Thriller,,,,,
165,Comedy|Crime|Thriller,2542,"Lock, Stock & Two Smoking Barrels ",67,3.9254,1998,Comedy,Crime,Thriller,,,,
461,Crime|Drama,36,Dead Man Walking ,67,3.7612,1995,Crime,Drama,,,,,
491,Drama|Romance,17,Sense and Sensibility ,67,3.6866,1995,Drama,Romance,,,,,
1034,Animation|Children|Comedy|Musical|Romance,2081,"Little Mermaid, The ",67,3.2985,1989,Animation,Children,Comedy,Musical,Romance,,
1167,Action|Adventure|Sci-Fi|Thriller,1544,"Lost World: Jurassic Park, The ",67,2.6269,1997,Action,Adventure,Sci-Fi,Thriller,,,
1190,Action|Crime|Drama,4262,Scarface ,67,3.6716,1983,Action,Crime,Drama,,,,
10,Action|Romance|Western,163,Desperado ,66,3.4697,1995,Action,Romance,Western,,,,
359,Comedy,1288,This Is Spinal Tap ,66,3.8939,1984,Comedy,,,,,,
656,Drama,508,Philadelphia ,66,3.4848,1993,Drama,,,,,,
31,Action|Drama|Western,553,Tombstone ,65,3.7231,1993,Action,Drama,Western,,,,
1140,Action|Crime|Drama,2194,"Untouchables, The ",65,3.8154,1987,Action,Crime,Drama,,,,
1157,Crime|Thriller,555,True Romance ,65,3.6769,1993,Crime,Thriller,,,,,
1158,Action|Adventure|Fantasy,653,Dragonheart ,65,3,1996,Action,Adventure,Fantasy,,,,
115,Drama,1954,Rocky ,64,3.6719,1976,Drama,,,,,,
610,Action|Crime|Fantasy|Thriller,353,"Crow, The ",64,3.5469,1994,Action,Crime,Fantasy,Thriller,,,
1138,Comedy|Crime,1234,"Sting, The ",64,3.8594,1973,Comedy,Crime,,,,,
1642,Drama|Horror|Thriller,2710,"Blair Witch Project, The ",64,2.625,1999,Drama,Horror,Thriller,,,,
1774,Musical|Romance,1035,"Sound of Music, The ",64,3.8125,1965,Musical,Romance,,,,,
2426,Action|Drama|Thriller,786,Eraser ,64,3.0625,1996,Action,Drama,Thriller,,,,
63,Drama|War,1090,Platoon ,63,3.873,1986,Drama,War,,,,,
177,Comedy|Horror|Musical|Sci-Fi,2657,"Rocky Horror Picture Show, The ",63,3.2063,1975,Comedy,Horror,Musical,Sci-Fi,,,
634,Comedy|Sci-Fi,435,Coneheads ,63,2.3175,1993,Comedy,Sci-Fi,,,,,
66,Action|Adventure|Sci-Fi|Thriller,1127,"Abyss, The ",62,3.3387,1989,Action,Adventure,Sci-Fi,Thriller,,,
222,Comedy|Western,3671,Blazing Saddles ,62,3.7742,1974,Comedy,Western,,,,,
360,Action|Western,1304,Butch Cassidy and the Sundance Kid ,62,3.8548,1969,Action,Western,,,,,
527,Adventure|Children,158,Casper ,62,2.7097,1995,Adventure,Children,,,,,
1166,Action|Adventure|Sci-Fi|Thriller,1374,Star Trek II: The Wrath of Khan ,62,3.6613,1982,Action,Adventure,Sci-Fi,Thriller,,,
1182,Fantasy|Horror|Mystery|Romance,3081,Sleepy Hollow ,62,3.3387,1999,Fantasy,Horror,Mystery,Romance,,,
1404,Action|Crime|Sci-Fi,173,Judge Dredd ,62,2.5968,1995,Action,Crime,Sci-Fi,,,,
1717,Comedy,3421,Animal House ,62,3.5968,1978,Comedy,,,,,,
30,Action|Adventure|Comedy|Romance,552,"Three Musketeers, The ",61,3.1803,1993,Action,Adventure,Comedy,Romance,,,
172,Action|Adventure|Sci-Fi,2640,Superman ,61,3.5082,1978,Action,Adventure,Sci-Fi,,,,
208,Comedy,3253,Wayne's World ,61,3.3115,1992,Comedy,,,,,,
218,Action|Sci-Fi|Thriller,3527,Predator ,61,3.4754,1987,Action,Sci-Fi,Thriller,,,,
319,Drama|Romance,509,"Piano, The ",61,3.4262,1993,Drama,Romance,,,,,
1596,Comedy|Drama|Fantasy,2321,Pleasantville ,61,3.3443,1998,Comedy,Drama,Fantasy,,,,
35,Animation|Children|Fantasy|Musical,596,Pinocchio ,60,3.2833,1940,Animation,Children,Fantasy,Musical,,,
92,Action|Crime,1377,Batman Returns ,60,2.9,1992,Action,Crime,,,,,
642,Action|Comedy|War,466,Hot Shots! Part Deux ,60,2.75,1993,Action,Comedy,War,,,,
1437,Drama|Mystery|Romance|Thriller,903,Vertigo ,60,3.9,1958,Drama,Mystery,Romance,Thriller,,,
1721,Adventure|Drama|Sci-Fi,3471,Close Encounters of the Third Kind ,60,3.6167,1977,Adventure,Drama,Sci-Fi,,,,
1776,Action|Comedy|Romance,2006,"Mask of Zorro, The ",60,2.8833,1998,Action,Comedy,Romance,,,,
97,Comedy|Crime|Romance,1500,Grosse Pointe Blank ,59,3.4746,1997,Comedy,Crime,Romance,,,,
99,Action|Adventure|Thriller,1552,Con Air ,59,2.8983,1997,Action,Adventure,Thriller,,,,
198,Comedy|Sci-Fi,3033,Spaceballs ,59,3.339,1987,Comedy,Sci-Fi,,,,,
350,Fantasy|Sci-Fi,1199,Brazil ,59,4.0508,1985,Fantasy,Sci-Fi,,,,,
1106,Crime|Film-Noir|Mystery|Thriller,1252,Chinatown ,59,4.0508,1974,Crime,Film-Noir,Mystery,Thriller,,,
1413,Action|Comedy|Crime|Thriller,420,Beverly Hills Cop III ,59,2.661,1994,Action,Comedy,Crime,Thriller,,,
1593,Comedy,2302,My Cousin Vinny ,59,3.1695,1992,Comedy,,,,,,
325,Comedy|Romance,708,"Truth About Cats & Dogs, The ",58,3.2931,1996,Comedy,Romance,,,,,
618,Action|Comedy,370,Naked Gun 33 1/3: The Final Insult ,58,2.931,1994,Action,Comedy,,,,,
983,Action|Thriller,1608,Air Force One ,58,3.2241,1997,Action,Thriller,,,,,
1103,Drama,1207,To Kill a Mockingbird ,58,4.0345,1962,Drama,,,,,,
1105,Comedy|Romance,1230,Annie Hall ,58,3.7586,1977,Comedy,Romance,,,,,
1474,Comedy,1394,Raising Arizona ,58,3.8966,1987,Comedy,,,,,,
1574,Action|Horror|Thriller,2167,Blade ,58,3.2069,1998,Action,Horror,Thriller,,,,
2394,Children|Drama|Fantasy|Romance,953,It's a Wonderful Life ,58,3.9138,1946,Children,Drama,Fantasy,Romance,,,
118,Action|Adventure|Children|Comedy|Fantasy,2005,"Goonies, The ",57,3.4035,1985,Action,Adventure,Children,Comedy,Fantasy,,
144,Crime|Drama|Thriller,2268,"Few Good Men, A ",57,3.7018,1992,Crime,Drama,Thriller,,,,
159,Adventure|Comedy,2470,Crocodile Dundee ,57,3.0351,1986,Adventure,Comedy,,,,,
333,Action|Adventure|Mystery|Romance|Thriller,908,North by Northwest ,57,4.0877,1959,Action,Adventure,Mystery,Romance,Thriller,,
351,Drama,1203,12 Angry Men ,57,4.0175,1957,Drama,,,,,,
529,Action|Adventure|Mystery|Sci-Fi,160,Congo ,57,2.7719,1995,Action,Adventure,Mystery,Sci-Fi,,,
608,Drama|Mystery|Thriller,350,"Client, The ",57,3.3158,1994,Drama,Mystery,Thriller,,,,
1110,Drama,1276,Cool Hand Luke ,57,4.1404,1967,Drama,,,,,,
109,Comedy|Romance,1777,"Wedding Singer, The ",56,3.2321,1998,Comedy,Romance,,,,,
153,Comedy|Drama,2395,Rushmore ,56,3.3929,1998,Comedy,Drama,,,,,
164,Action|Drama|Sci-Fi,2529,Planet of the Apes ,56,3.7321,1968,Action,Drama,Sci-Fi,,,,
269,Children|Drama|Fantasy,1302,Field of Dreams ,56,3.4107,1989,Children,Drama,Fantasy,,,,
365,Comedy|Drama,1641,"Full Monty, The ",56,3.6607,1997,Comedy,Drama,,,,,
398,Comedy,2599,Election ,56,3.5536,1999,Comedy,,,,,,
731,Comedy|Romance,2671,Notting Hill ,56,3.3214,1999,Comedy,Romance,,,,,
1099,Animation|Children|Comedy|Crime,1148,Wallace & Gromit: The Wrong Trousers ,56,3.9107,1993,Animation,Children,Comedy,Crime,,,
5,Action|Comedy|Horror|Thriller,70,From Dusk Till Dawn ,55,3.4,1996,Action,Comedy,Horror,Thriller,,,
271,Animation|Children|Comedy|Romance,2080,Lady and the Tramp ,55,3.2727,1955,Animation,Children,Comedy,Romance,,,
632,Adventure|Comedy|Western,432,City Slickers II: The Legend of Curly's Gold ,55,2.5818,1994,Adventure,Comedy,Western,,,,
1652,Children|Comedy,2804,"Christmas Story, A ",55,3.8727,1983,Children,Comedy,,,,,
154,Action|Adventure|Comedy|Romance,2406,Romancing the Stone ,54,3.3519,1984,Action,Adventure,Comedy,Romance,,,
484,Comedy|Romance,7,Sabrina ,54,3.1296,1995,Comedy,Romance,,,,,
532,Action|Drama|Romance,168,First Knight ,54,2.9444,1995,Action,Drama,Romance,,,,
1000,Comedy|Romance,2572,10 Things I Hate About You ,54,3.3704,1999,Comedy,Romance,,,,,
1025,Comedy|Thriller,784,"Cable Guy, The ",54,2.6481,1996,Comedy,Thriller,,,,,
39,Adventure|Animation|Children|Comedy|Fantasy|Sci-Fi,673,Space Jam ,53,2.566,1996,Adventure,Animation,Children,Comedy,Fantasy,Sci-Fi,
88,Animation|Children|Fantasy|Musical,1282,Fantasia ,53,3.6415,1940,Animation,Children,Fantasy,Musical,,,
127,Animation|Children|Comedy|Musical,2078,"Jungle Book, The ",53,3.7358,1967,Animation,Children,Comedy,Musical,,,
189,Action|Adventure|Thriller,2947,Goldfinger ,53,3.7358,1964,Action,Adventure,Thriller,,,,
217,Adventure|Comedy|Fantasy,3489,Hook ,53,3.2075,1991,Adventure,Comedy,Fantasy,,,,
400,Drama|Mystery|Thriller,2712,Eyes Wide Shut ,53,3.3585,1999,Drama,Mystery,Thriller,,,,
647,Action|Adventure|Comedy|Fantasy,485,Last Action Hero ,53,2.7925,1993,Action,Adventure,Comedy,Fantasy,,,
733,Action|Comedy|Sci-Fi|Western,2701,Wild Wild West ,53,2.0755,1999,Action,Comedy,Sci-Fi,Western,,,
1026,Action|Sci-Fi|Thriller,172,Johnny Mnemonic ,53,2.566,1995,Action,Sci-Fi,Thriller,,,,
1640,Comedy|Horror,2699,Arachnophobia ,53,2.6226,1990,Comedy,Horror,,,,,
2904,Horror|Mystery,1997,"Exorcist, The ",53,3.6604,1973,Horror,Mystery,,,,,
1,Comedy|Romance,3,Grumpier Old Men ,52,3.1731,1995,Comedy,Romance,,,,,
363,Crime|Drama,1466,Donnie Brasco ,52,3.6154,1997,Crime,Drama,,,,,
414,Drama,3160,Magnolia ,52,3.6154,1999,Drama,,,,,,
557,Drama|Thriller,225,Disclosure ,52,3.5192,1994,Drama,Thriller,,,,,
1008,Comedy|Drama|Romance,1639,Chasing Amy ,52,3.4038,1997,Comedy,Drama,Romance,,,,
2605,Comedy,3552,Caddyshack ,52,3.75,1980,Comedy,,,,,,
525,Action|Comedy|Crime|Drama|Thriller,145,Bad Boys ,51,3.1176,1995,Action,Comedy,Crime,Drama,Thriller,,
997,Comedy|Fantasy|Romance,2100,Splash ,51,2.9608,1984,Comedy,Fantasy,Romance,,,,
1451,Action|Adventure|Comedy|Fantasy|Horror,1215,Army of Darkness ,51,3.902,1993,Action,Adventure,Comedy,Fantasy,Horror,,
1500,Drama|Mystery|Thriller,1645,The Devil's Advocate ,51,3.2745,1997,Drama,Mystery,Thriller,,,,
18,Comedy,333,Tommy Boy ,50,3.68,1995,Comedy,,,,,,
133,Action|Adventure|Sci-Fi,2105,Tron ,50,3.24,1982,Action,Adventure,Sci-Fi,,,,
273,Comedy|Romance,2424,You've Got Mail ,50,2.94,1998,Comedy,Romance,,,,,
334,Comedy|Crime,910,Some Like It Hot ,50,3.86,1959,Comedy,Crime,,,,,
11,Comedy,216,Billy Madison ,49,3.2245,1995,Comedy,,,,,,
38,Adventure|Animation|Children|Fantasy|Musical,661,James and the Giant Peach ,49,3.4082,1996,Adventure,Animation,Children,Fantasy,Musical,,
173,Action|Sci-Fi,2641,Superman II ,49,2.898,1980,Action,Sci-Fi,,,,,
205,Drama|Mystery|Thriller,3176,"Talented Mr. Ripley, The ",49,3.2041,1999,Drama,Mystery,Thriller,,,,
483,Comedy,5,Father of the Bride Part II ,49,3,1995,Comedy,,,,,,
1571,Comedy|Romance,2144,Sixteen Candles ,49,3.4694,1984,Comedy,Romance,,,,,
86,Action|Adventure|Fantasy,1275,Highlander ,48,3.5625,1986,Action,Adventure,Fantasy,,,,
382,Action|Adventure|Drama,2019,Seven Samurai (Shichinin no samurai) ,48,4.0417,1954,Action,Adventure,Drama,,,,
402,Action|Mystery,2763,"Thomas Crown Affair, The ",48,3.5625,1999,Action,Mystery,,,,,
540,Comedy|Romance,186,Nine Months ,48,2.6667,1995,Comedy,Romance,,,,,
1002,Comedy,2694,Big Daddy ,48,3.0417,1999,Comedy,,,,,,
1096,Animation|Children|Comedy,745,Wallace & Gromit: A Close Shave ,48,3.7917,1995,Animation,Children,Comedy,,,,
1117,Action|Adventure|Animation|Drama|Fantasy,3000,Princess Mononoke (Mononoke-hime) ,48,3.8333,1997,Action,Adventure,Animation,Drama,Fantasy,,
1168,Crime|Drama|Thriller,1729,Jackie Brown ,48,3.5417,1997,Crime,Drama,Thriller,,,,
1515,Adventure|Film-Noir|Sci-Fi|Thriller,1748,Dark City ,48,3.625,1998,Adventure,Film-Noir,Sci-Fi,Thriller,,,
64,Crime|Mystery|Thriller,1092,Basic Instinct ,47,3.0213,1992,Crime,Mystery,Thriller,,,,
330,Comedy|Musical|Romance,899,Singin' in the Rain ,47,3.9574,1952,Comedy,Musical,Romance,,,,
692,Animation|Children|Drama|Musical|Romance,783,"Hunchback of Notre Dame, The ",47,3.2128,1996,Animation,Children,Drama,Musical,Romance,,
734,Comedy|Fantasy|Sci-Fi,2717,Ghostbusters II ,47,2.8511,1989,Comedy,Fantasy,Sci-Fi,,,,
976,Drama,1358,Sling Blade ,47,3.766,1996,Drama,,,,,,
1033,Action|Comedy|Crime|Drama,2001,Lethal Weapon 2 ,47,3,1989,Action,Comedy,Crime,Drama,,,
1467,Adventure|Children|Comedy,1367,101 Dalmatians ,47,2.9787,1996,Adventure,Children,Comedy,,,,
1535,Drama|Sci-Fi|Thriller,1921,Pi ,47,3.6596,1998,Drama,Sci-Fi,Thriller,,,,
1542,Horror|Thriller,1994,Poltergeist ,47,3.2553,1982,Horror,Thriller,,,,,
1626,Comedy,2539,Analyze This ,47,3,1999,Comedy,,,,,,
2750,Action|Horror|Sci-Fi|Thriller,1320,Alien³ (a.k.a. Alien 3) ,47,3.0213,1992,Action,Horror,Sci-Fi,Thriller,,,
93,Action|Comedy|Crime|Drama|Sci-Fi,1396,Sneakers ,46,3.3478,1992,Action,Comedy,Crime,Drama,Sci-Fi,,
231,Comedy|Drama|War,5060,M*A*S*H (a.k.a. MASH) ,46,3.8913,1970,Comedy,Drama,War,,,,
383,Drama|Mystery|Thriller,2076,Blue Velvet ,46,3.8261,1986,Drama,Mystery,Thriller,,,,
520,Action|Adventure|Comedy|Crime,112,Rumble in the Bronx (Hont faan kui) ,46,3.4783,1995,Action,Adventure,Comedy,Crime,,,
696,Drama|Romance,802,Phenomenon ,46,3.2391,1996,Drama,Romance,,,,,
971,Action|Adventure|Fantasy,44,Mortal Kombat ,46,2.4348,1995,Action,Adventure,Fantasy,,,,
991,Action|Comedy|Crime|Drama,2002,Lethal Weapon 3 ,46,2.8261,1992,Action,Comedy,Crime,Drama,,,
1875,Action|Comedy|Crime|Drama,4085,Beverly Hills Cop ,46,3.2609,1984,Action,Comedy,Crime,Drama,,,
2090,Adventure|Comedy|Drama,1884,Fear and Loathing in Las Vegas ,46,3.8261,1998,Adventure,Comedy,Drama,,,,
270,Adventure|Sci-Fi,1371,Star Trek: The Motion Picture ,45,2.9778,1979,Adventure,Sci-Fi,,,,,
272,Action|Horror|Sci-Fi|Thriller,2288,"Thing, The ",45,3.8667,1982,Action,Horror,Sci-Fi,Thriller,,,
336,Drama|Romance|War,920,Gone with the Wind ,45,3.5556,1939,Drama,Romance,War,,,,
348,Drama|Romance|War,1183,"English Patient, The ",45,3.6444,1996,Drama,Romance,War,,,,
354,Adventure|Drama|War,1250,"Bridge on the River Kwai, The ",45,4.0222,1957,Adventure,Drama,War,,,,
356,Drama|Western,1266,Unforgiven ,45,4,1992,Drama,Western,,,,,
375,Adventure|Animation|Children|Comedy|Drama|Musical|Romance,1907,Mulan ,45,3.3778,1998,Adventure,Animation,Children,Comedy,Drama,Musical,Romance
417,Comedy|Drama,3255,"League of Their Own, A ",45,3.3333,1992,Comedy,Drama,,,,,
544,Horror|Sci-Fi,196,Species ,45,2.5778,1995,Horror,Sci-Fi,,,,,
560,Action|Comedy|Romance,236,French Kiss ,45,3.4222,1995,Action,Comedy,Romance,,,,
673,Animation|Children,616,"Aristocats, The ",45,3.3111,1970,Animation,Children,,,,,
836,Crime|Drama|Mystery|Thriller,2023,"Godfather: Part III, The ",45,3.2444,1990,Crime,Drama,Mystery,Thriller,,,
1114,Action|Thriller,2490,Payback ,45,3.3333,1999,Action,Thriller,,,,,
1145,Adventure|Comedy|Sci-Fi,4571,Bill & Ted's Excellent Adventure ,45,3.5333,1989,Adventure,Comedy,Sci-Fi,,,,
1509,Action|Horror|Sci-Fi,1690,Alien: Resurrection ,45,2.8222,1997,Action,Horror,Sci-Fi,,,,
1513,Action|Adventure|Thriller,1722,Tomorrow Never Dies ,45,2.8889,1997,Action,Adventure,Thriller,,,,
1592,Adventure|Animation|Children|Comedy|Fantasy,2294,Antz ,45,3.0889,1998,Adventure,Animation,Children,Comedy,Fantasy,,
2395,Adventure|Drama|War,1204,Lawrence of Arabia ,45,4.2222,1962,Adventure,Drama,War,,,,
2592,Action|Adventure|Comedy|Drama|War,2890,Three Kings ,45,3.5778,1999,Action,Adventure,Comedy,Drama,War,,
8,Action|Drama|Romance|War,151,Rob Roy ,44,3.5,1995,Action,Drama,Romance,War,,,
263,Action|Adventure|Sci-Fi|Thriller,849,Escape from L.A. ,44,2.7955,1996,Action,Adventure,Sci-Fi,Thriller,,,
1035,Adventure|Animation|Children,2085,101 Dalmatians (One Hundred and One Dalmatians) ,44,3.3182,1961,Adventure,Animation,Children,,,,
1038,Drama|Horror|Thriller,3499,Misery ,44,3.6591,1990,Drama,Horror,Thriller,,,,
1097,Film-Noir|Mystery,913,"Maltese Falcon, The ",44,4.0227,1941,Film-Noir,Mystery,,,,,
1460,Horror|Thriller,1333,"Birds, The ",44,3.4773,1963,Horror,Thriller,,,,,
140,Adventure|Children|Fantasy,2161,"NeverEnding Story, The ",43,3.4419,1984,Adventure,Children,Fantasy,,,,
214,Comedy|Drama|War,3448,"Good Morning, Vietnam ",43,3.6744,1987,Comedy,Drama,War,,,,
267,Drama|War,1263,"Deer Hunter, The ",43,3.6977,1978,Drama,War,,,,,
364,Drama|Mystery|Romance|Thriller,1597,Conspiracy Theory ,43,2.814,1997,Drama,Mystery,Romance,Thriller,,,
568,Comedy|Romance,252,I.Q. ,43,3.3953,1994,Comedy,Romance,,,,,
653,Comedy|Romance,497,Much Ado About Nothing ,43,3.7674,1993,Comedy,Romance,,,,,
705,Comedy|Drama|Romance,852,Tin Cup ,43,3.093,1996,Comedy,Drama,Romance,,,,
995,Drama|Sci-Fi|Thriller,1876,Deep Impact ,43,2.907,1998,Drama,Sci-Fi,Thriller,,,,
1036,Action|Crime|Thriller,2278,Ronin ,43,3.4186,1998,Action,Crime,Thriller,,,,
1470,Adventure|Comedy|Sci-Fi,1376,Star Trek IV: The Voyage Home ,43,3.3953,1986,Adventure,Comedy,Sci-Fi,,,,
1609,Comedy|Sci-Fi,2407,Cocoon ,43,3.1628,1985,Comedy,Sci-Fi,,,,,
1617,Drama|Horror|Sci-Fi|Thriller,2455,"Fly, The ",43,3.2791,1986,Drama,Horror,Sci-Fi,Thriller,,,
1631,Crime|Thriller,2605,Entrapment ,43,2.8605,1999,Crime,Thriller,,,,,
2144,Action|Adventure|Drama|War,1262,"Great Escape, The ",43,3.9767,1963,Action,Adventure,Drama,War,,,
2402,Comedy|Drama,3363,American Graffiti ,43,3.6744,1973,Comedy,Drama,,,,,
24,Comedy,441,Dazed and Confused ,42,3.7619,1993,Comedy,,,,,,
57,Comedy|Drama,1042,That Thing You Do! ,42,3.1905,1996,Comedy,Drama,,,,,
116,Adventure|Fantasy|Musical,1967,Labyrinth ,42,3.7143,1986,Adventure,Fantasy,Musical,,,,
145,Action|Comedy|Crime|Thriller,2273,Rush Hour ,42,3.0714,1998,Action,Comedy,Crime,Thriller,,,
276,Comedy|Drama|Romance,3210,Fast Times at Ridgemont High ,42,3.3333,1982,Comedy,Drama,Romance,,,,
345,Drama|Romance|Thriller,1094,"Crying Game, The ",42,3.381,1992,Drama,Romance,Thriller,,,,
466,Drama,261,Little Women ,42,3.8095,1994,Drama,,,,,,
612,Children|Comedy|Fantasy,355,"Flintstones, The ",42,2.3095,1994,Children,Comedy,Fantasy,,,,
863,Drama|Musical|Romance,1088,Dirty Dancing ,42,3.1667,1987,Drama,Musical,Romance,,,,
1032,Action|Crime|Mystery|Sci-Fi|Thriller,1909,"X-Files: Fight the Future, The ",42,3.3333,1998,Action,Crime,Mystery,Sci-Fi,Thriller,,
1139,Action|Adventure|Sci-Fi,1375,Star Trek III: The Search for Spock ,42,3.1429,1984,Action,Adventure,Sci-Fi,,,,
1155,Crime|Drama,431,Carlito's Way ,42,3.619,1993,Crime,Drama,,,,,
1429,Comedy,785,Kingpin ,42,3.2143,1996,Comedy,,,,,,
1468,Action|Mystery|Sci-Fi,1372,Star Trek VI: The Undiscovered Country ,42,3.2619,1991,Action,Mystery,Sci-Fi,,,,
1491,Action|Adventure|Fantasy|Thriller,1562,Batman & Robin ,42,2.0714,1997,Action,Adventure,Fantasy,Thriller,,,
1666,Comedy,2915,Risky Business ,42,3.3571,1983,Comedy,,,,,,
1773,Animation|Children|Fantasy|Musical|Romance,1022,Cinderella ,42,3.3571,1950,Animation,Children,Fantasy,Musical,Romance,,
1864,Comedy|Romance,2724,Runaway Bride ,42,2.7143,1999,Comedy,Romance,,,,,
1871,Action|Comedy|Crime|Romance,3868,"Naked Gun: From the Files of Police Squad!, The ",42,3.2381,1988,Action,Comedy,Crime,Romance,,,
29,Comedy|Romance|Thriller,543,So I Married an Axe Murderer ,41,3.1463,1993,Comedy,Romance,Thriller,,,,
652,Action|Adventure|Thriller,494,Executive Decision ,41,3.3659,1996,Action,Adventure,Thriller,,,,
689,Comedy|Crime,762,Striptease ,41,2.2683,1996,Comedy,Crime,,,,,
1455,Comedy,1285,Heathers ,41,3.6341,1989,Comedy,,,,,,
1543,Comedy|Horror,2003,Gremlins ,41,3.2439,1984,Comedy,Horror,,,,,
1668,Adventure|Comedy|Fantasy|Sci-Fi,2968,Time Bandits ,41,3.6341,1981,Adventure,Comedy,Fantasy,Sci-Fi,,,
1716,Adventure|Crime|Drama,3418,Thelma & Louise ,41,3.3902,1991,Adventure,Crime,Drama,,,,
1779,Animation|Children|Fantasy|Musical,2087,Peter Pan ,41,3.439,1953,Animation,Children,Fantasy,Musical,,,
2396,Drama|War,1242,Glory ,41,4.0976,1989,Drama,War,,,,,
56,Adventure|Animation|Children|Fantasy|Musical,1032,Alice in Wonderland ,40,3.25,1951,Adventure,Animation,Children,Fantasy,Musical,,
142,Action|Adventure|Fantasy,2193,Willow ,40,3.15,1988,Action,Adventure,Fantasy,,,,
224,Action|Adventure|Sci-Fi|Thriller,3703,"Road Warrior, The (Mad Max 2) ",40,3.95,1981,Action,Adventure,Sci-Fi,Thriller,,,
556,Comedy|Drama|Romance,224,Don Juan DeMarco ,40,3.55,1995,Comedy,Drama,Romance,,,,
583,Drama,282,Nell ,40,3.3,1994,Drama,,,,,,
833,Drama|Romance|Thriller,1674,Witness ,40,3.6,1985,Drama,Romance,Thriller,,,,
972,Action|Thriller,376,"River Wild, The ",40,3.175,1994,Action,Thriller,,,,,
974,Drama,529,Searching for Bobby Fischer ,40,3.75,1993,Drama,,,,,,
1009,Drama,2541,Cruel Intentions ,40,3.1,1999,Drama,,,,,,
1137,Drama,1228,Raging Bull ,40,4.075,1980,Drama,,,,,,
1214,Comedy,6807,Monty Python's The Meaning of Life ,40,3.75,1983,Comedy,,,,,,
1493,Comedy|Romance,1569,My Best Friend's Wedding ,40,3.325,1997,Comedy,Romance,,,,,
2078,Action|Drama|War,1233,"Boot, Das (Boat, The) ",40,4.075,1981,Action,Drama,War,,,,
2425,Comedy,471,"Hudsucker Proxy, The ",40,3.45,1994,Comedy,,,,,,
94,Action|Romance|War|Western,1408,"Last of the Mohicans, The ",39,3.7436,1992,Action,Romance,War,Western,,,
130,Action|Adventure|Sci-Fi,2094,"Rocketeer, The ",39,3.1795,1991,Action,Adventure,Sci-Fi,,,,
167,Comedy|Crime,2580,Go ,39,3.8718,1999,Comedy,Crime,,,,,
181,Adventure|Animation|Children|Drama|Sci-Fi,2761,"Iron Giant, The ",39,3.9231,1999,Adventure,Animation,Children,Drama,Sci-Fi,,
1116,Action|Comedy|Fantasy,2723,Mystery Men ,39,2.8974,1999,Action,Comedy,Fantasy,,,,
1120,Comedy|Drama,3174,Man on the Moon ,39,3.359,1999,Comedy,Drama,,,,,
1141,Comedy,3039,Trading Places ,39,3.6154,1983,Comedy,,,,,,
1180,Action|Western,2951,"Fistful of Dollars, A (Per un pugno di dollari) ",39,3.7692,1964,Action,Western,,,,,
1450,Action|Adventure|Sci-Fi|Thriller,1129,Escape from New York ,39,3.3846,1981,Action,Adventure,Sci-Fi,Thriller,,,
1583,Comedy|Drama|Romance,2248,Say Anything... ,39,3.7949,1989,Comedy,Drama,Romance,,,,
1647,Comedy|Horror|Musical,2746,Little Shop of Horrors ,39,3.1795,1986,Comedy,Horror,Musical,,,,
1683,Action|Adventure|Thriller,3082,"World Is Not Enough, The ",39,3.2051,1999,Action,Adventure,Thriller,,,,
2038,Action|Crime|Thriller,1953,"French Connection, The ",39,3.7179,1971,Action,Crime,Thriller,,,,
2083,Action|Adventure|Animation|Sci-Fi,1274,Akira ,39,3.641,1988,Action,Adventure,Animation,Sci-Fi,,,
2188,Drama,2908,Boys Don't Cry ,39,3.4359,1999,Drama,,,,,,
2460,Drama,1673,Boogie Nights ,39,3.9231,1997,Drama,,,,,,
120,Animation|Children|Drama,2018,Bambi ,38,3.1842,1942,Animation,Children,Drama,,,,
223,Action|Adventure|Sci-Fi,3702,Mad Max ,38,3.3158,1979,Action,Adventure,Sci-Fi,,,,
259,Drama,31,Dangerous Minds ,38,3.0526,1995,Drama,,,,,,
403,Comedy,2770,Bowfinger ,38,2.8947,1999,Comedy,,,,,,
580,Drama,277,Miracle on 34th Street ,38,3.1579,1994,Drama,,,,,,
596,Action|Drama|Thriller,315,"Specialist, The ",38,3.0263,1994,Action,Drama,Thriller,,,,
1176,Drama,2420,"Karate Kid, The ",38,3.4211,1984,Drama,,,,,,
2068,Adventure|Drama|Fantasy|Mystery|Sci-Fi,29,"City of Lost Children, The (Cité des enfants perdus, La) ",38,3.8421,1995,Adventure,Drama,Fantasy,Mystery,Sci-Fi,,
2493,Crime|Drama,3362,Dog Day Afternoon ,38,3.7895,1975,Crime,Drama,,,,,
2679,Children|Comedy|Fantasy,2124,"Addams Family, The ",38,3.1842,1991,Children,Comedy,Fantasy,,,,
3026,Comedy|Crime|Drama,2289,"Player, The ",38,3.9211,1992,Comedy,Crime,Drama,,,,
265,Drama,1093,"Doors, The ",37,3.2703,1991,Drama,,,,,,
295,Comedy|Drama|Romance,58,"Postman, The (Postino, Il) ",37,3.9459,1994,Comedy,Drama,Romance,,,,
639,Adventure|Children|Drama,455,Free Willy ,37,2.2703,1993,Adventure,Children,Drama,,,,
1044,Animation|Children|Drama|Fantasy,5971,My Neighbor Totoro (Tonari no Totoro) ,37,3.8108,1988,Animation,Children,Drama,Fantasy,,,
1160,Comedy,1020,Cool Runnings ,37,2.973,1993,Comedy,,,,,,
1434,Crime|Thriller,832,Ransom ,37,3.2162,1996,Crime,Thriller,,,,,
2182,Adventure|Sci-Fi,2021,Dune ,37,3.2432,1984,Adventure,Sci-Fi,,,,,
59,Comedy|Drama,1060,Swingers ,36,3.6111,1996,Comedy,Drama,,,,,
190,Action|Adventure|Thriller,2948,From Russia with Love ,36,3.6667,1963,Action,Adventure,Thriller,,,,
199,Adventure|Animation|Children|Comedy|Musical,3034,Robin Hood ,36,3.4167,1973,Adventure,Animation,Children,Comedy,Musical,,
207,Comedy|Crime,3247,Sister Act ,36,2.9167,1992,Comedy,Crime,,,,,
310,Comedy|Drama,345,"Adventures of Priscilla, Queen of the Desert, The ",36,3.4722,1994,Comedy,Drama,,,,,
331,Drama|Romance,902,Breakfast at Tiffany's ,36,3.75,1961,Drama,Romance,,,,,
493,Crime|Drama|Horror|Mystery|Thriller,22,Copycat ,36,3.1389,1995,Crime,Drama,Horror,Mystery,Thriller,,
537,Comedy|Romance,180,Mallrats ,36,3.25,1995,Comedy,Romance,,,,,
1001,Comedy|Romance,2581,Never Been Kissed ,36,2.8056,1999,Comedy,Romance,,,,,
1119,Comedy|Drama|Fantasy|Romance,3108,"Fisher King, The ",36,3.6944,1991,Comedy,Drama,Fantasy,Romance,,,
1161,Drama|Romance,1059,William Shakespeare's Romeo + Juliet ,36,3.5833,1996,Drama,Romance,,,,,
1423,Comedy|Sci-Fi,671,Mystery Science Theater 3000: The Movie ,36,3.3889,1996,Comedy,Sci-Fi,,,,,
1463,Drama|Fantasy|Horror|Thriller,1345,Carrie ,36,3.1944,1976,Drama,Fantasy,Horror,Thriller,,,
1685,Drama|Thriller,3101,Fatal Attraction ,36,3,1987,Drama,Thriller,,,,,
2183,Drama,2231,Rounders ,36,3.6667,1998,Drama,,,,,,
2500,Comedy,585,"Brady Bunch Movie, The ",36,2.6389,1995,Comedy,,,,,,
53,Animation|Children|Drama|Musical,1029,Dumbo ,35,3.2571,1941,Animation,Children,Drama,Musical,,,
156,Action|Drama|War,2427,"Thin Red Line, The ",35,3.1714,1998,Action,Drama,War,,,,
229,Comedy,3809,What About Bob? ,35,3.1714,1991,Comedy,,,,,,
264,Comedy|Drama|Musical|Romance,914,My Fair Lady ,35,3.9429,1964,Comedy,Drama,Musical,Romance,,,
343,Crime|Drama,1084,Bonnie and Clyde ,35,3.9714,1967,Crime,Drama,,,,,
533,Action|Adventure|Crime|Thriller,170,Hackers ,35,3.1429,1995,Action,Adventure,Crime,Thriller,,,
570,Comedy|Sci-Fi,256,Junior ,35,2.7714,1994,Comedy,Sci-Fi,,,,,
674,Crime|Drama|Mystery|Thriller,628,Primal Fear ,35,3.5429,1996,Crime,Drama,Mystery,Thriller,,,
687,Comedy,719,Multiplicity ,35,2.7714,1996,Comedy,,,,,,
1023,Drama,193,Showgirls ,35,2.4286,1995,Drama,,,,,,
1705,Comedy|Drama|Romance,3361,Bull Durham ,35,3.6286,1988,Comedy,Drama,Romance,,,,
2082,Action|Crime|Romance|Thriller,1249,"Femme Nikita, La (Nikita) ",35,3.9143,1990,Action,Crime,Romance,Thriller,,,
2443,Drama|Thriller,805,"Time to Kill, A ",35,3.5714,1996,Drama,Thriller,,,,,
753,Adventure|Fantasy,4993,"Lord of the Rings: The Fellowship of the Ring, The ",198,3.9394,2001,Adventure,Fantasy,,,,,
764,Adventure|Fantasy,5952,"Lord of the Rings: The Two Towers, The ",188,3.8617,2002,Adventure,Fantasy,,,,,
774,Action|Adventure|Drama|Fantasy,7153,"Lord of the Rings: The Return of the King, The ",184,3.9565,2003,Action,Adventure,Drama,Fantasy,,,
219,Action|Adventure|Drama,3578,Gladiator ,170,3.7882,2000,Action,Adventure,Drama,,,,
744,Adventure|Animation|Children|Comedy|Fantasy|Romance,4306,Shrek ,170,3.7059,2001,Adventure,Animation,Children,Comedy,Fantasy,Romance,
444,Mystery|Thriller,4226,Memento ,159,3.9245,2000,Mystery,Thriller,,,,,
770,Action|Adventure|Comedy|Fantasy,6539,Pirates of the Caribbean: The Curse of the Black Pearl ,149,3.5906,2003,Action,Adventure,Comedy,Fantasy,,,
238,Action|Crime|Drama|IMAX,58559,"Dark Knight, The ",148,4.0473,2008,Action,Crime,Drama,IMAX,,,
244,Action|Crime|Drama|Mystery|Sci-Fi|Thriller|IMAX,79132,Inception ,142,3.8873,2010,Action,Crime,Drama,Mystery,Sci-Fi,Thriller,IMAX
875,Adventure|Animation|Children|Comedy,6377,Finding Nemo ,141,3.7589,2003,Adventure,Animation,Children,Comedy,,,
228,Action|Adventure|Sci-Fi,3793,X-Men ,133,3.5338,2000,Action,Adventure,Sci-Fi,,,,
751,Adventure|Animation|Children|Comedy|Fantasy,4886,"Monsters, Inc. ",132,3.697,2001,Adventure,Animation,Children,Comedy,Fantasy,,
234,Action|Crime|Thriller,6874,Kill Bill: Vol. 1 ,131,3.7252,2003,Action,Crime,Thriller,,,,
1129,Drama|Romance|Sci-Fi,7361,Eternal Sunshine of the Spotless Mind ,130,3.9615,2004,Drama,Romance,Sci-Fi,,,,
794,Action|Adventure|Animation|Children|Comedy,8961,"Incredibles, The ",124,3.621,2004,Action,Adventure,Animation,Children,Comedy,,
754,Drama|Romance,4995,"Beautiful Mind, A ",123,3.8293,2001,Drama,Romance,,,,,
756,Action|Adventure|Sci-Fi|Thriller,5349,Spider-Man ,122,3.3525,2002,Action,Adventure,Sci-Fi,Thriller,,,
758,Action|Crime|Mystery|Sci-Fi|Thriller,5445,Minority Report ,120,3.45,2002,Action,Crime,Mystery,Sci-Fi,Thriller,,
1125,Comedy|Romance,4973,"Amelie (Fabuleux destin d'Amélie Poulain, Le) ",120,4.0583,2001,Comedy,Romance,,,,,
752,Crime|Thriller,4963,Ocean's Eleven ,119,3.6471,2001,Crime,Thriller,,,,,
765,Crime|Drama,5989,Catch Me If You Can ,115,3.7217,2002,Crime,Drama,,,,,
809,Action|Crime|IMAX,33794,Batman Begins ,115,3.6522,2005,Action,Crime,IMAX,,,,
1198,Action|Mystery|Thriller,5418,"Bourne Identity, The ",112,3.625,2002,Action,Mystery,Thriller,,,,
431,Action|Drama|Romance,3996,"Crouching Tiger, Hidden Dragon (Wo hu cang long) ",110,3.6364,2000,Action,Drama,Romance,,,,
1047,Action|Drama|Thriller,7438,Kill Bill: Vol. 2 ,109,3.6881,2004,Action,Drama,Thriller,,,,
1124,Drama|Mystery|Sci-Fi|Thriller,4878,Donnie Darko ,109,3.7798,2001,Drama,Mystery,Sci-Fi,Thriller,,,
457,Adventure|Children|Fantasy,4896,Harry Potter and the Sorcerer's Stone (a.k.a. Harry Potter and the Philosopher's Stone) ,107,3.5701,2001,Adventure,Children,Fantasy,,,,
237,Crime|Drama|Thriller,48516,"Departed, The ",106,4.0283,2006,Crime,Drama,Thriller,,,,
915,Adventure|Animation|Children|Drama,68954,Up ,104,3.8365,2009,Adventure,Animation,Children,Drama,,,
1055,Adventure|Animation|Children|Romance|Sci-Fi,60069,WALL·E ,103,3.8544,2008,Adventure,Animation,Children,Romance,Sci-Fi,,
763,Adventure|Fantasy,5816,Harry Potter and the Chamber of Secrets ,102,3.402,2002,Adventure,Fantasy,,,,,
1042,Drama,4022,Cast Away ,100,3.47,2000,Drama,,,,,,
1250,Action|Sci-Fi|Thriller|IMAX,44191,V for Vendetta ,99,3.6768,2006,Action,Sci-Fi,Thriller,IMAX,,,
277,Drama,3949,Requiem for a Dream ,96,3.7604,2000,Drama,,,,,,
768,Action|Adventure|Sci-Fi|Thriller|IMAX,6365,"Matrix Reloaded, The ",96,3.1562,2003,Action,Adventure,Sci-Fi,Thriller,IMAX,,
926,Action|Adventure|Sci-Fi|IMAX,72998,Avatar ,96,3.4375,2009,Action,Adventure,Sci-Fi,IMAX,,,
436,Adventure|Comedy|Crime,4027,"O Brother, Where Art Thou? ",94,3.6702,2000,Adventure,Comedy,Crime,,,,
1021,Comedy|Crime|Thriller,4011,Snatch ,93,3.9785,2000,Comedy,Crime,Thriller,,,,
1054,Action|Adventure|Sci-Fi,59315,Iron Man ,93,3.6022,2008,Action,Adventure,Sci-Fi,,,,
757,Action|Adventure|Sci-Fi|IMAX,5378,Star Wars: Episode II - Attack of the Clones ,92,3,2002,Action,Adventure,Sci-Fi,IMAX,,,
778,Adventure|Animation|Children|Comedy|Musical|Romance,8360,Shrek 2 ,92,3.3913,2004,Adventure,Animation,Children,Comedy,Musical,Romance,
779,Adventure|Fantasy|IMAX,8368,Harry Potter and the Prisoner of Azkaban ,92,3.7174,2004,Adventure,Fantasy,IMAX,,,,
1796,Comedy,3948,Meet the Parents ,91,3.2418,2000,Comedy,,,,,,
1051,Drama|Mystery|Sci-Fi|Thriller,48780,"Prestige, The ",89,3.7416,2006,Drama,Mystery,Sci-Fi,Thriller,,,
240,Action|Drama|War,68157,Inglourious Basterds ,87,3.9195,2009,Action,Drama,War,,,,
762,Adventure|Animation|Fantasy,5618,Spirited Away (Sen to Chihiro no kamikakushi) ,87,3.9885,2001,Adventure,Animation,Fantasy,,,,
755,Adventure|Animation|Children|Comedy,5218,Ice Age ,85,3.4588,2002,Adventure,Animation,Children,Comedy,,,
428,Drama,3897,Almost Famous ,83,3.6627,2000,Drama,,,,,,
806,Action|Crime|Film-Noir|Mystery|Thriller,32587,Sin City ,83,3.6506,2005,Action,Crime,Film-Noir,Mystery,Thriller,,
823,Action|Adventure|Thriller,49272,Casino Royale ,80,3.7125,2006,Action,Adventure,Thriller,,,,
902,Action|Crime|Thriller,54286,"Bourne Ultimatum, The ",80,3.4875,2007,Action,Crime,Thriller,,,,
1132,Drama|Fantasy|Thriller,48394,"Pan's Labyrinth (Laberinto del fauno, El) ",80,3.625,2006,Drama,Fantasy,Thriller,,,,
772,Action|Adventure|Sci-Fi|Thriller|IMAX,6934,"Matrix Revolutions, The ",79,2.9241,2003,Action,Adventure,Sci-Fi,Thriller,IMAX,,
899,Action|Fantasy|War|IMAX,51662,300,79,3.443,2007,Action,Fantasy,War,IMAX,,,
782,Action|Adventure|Sci-Fi|IMAX,8636,Spider-Man 2 ,78,3.5641,2004,Action,Adventure,Sci-Fi,IMAX,,,
1186,Animation|Children|Comedy,3751,Chicken Run ,78,3.4103,2000,Animation,Children,Comedy,,,,
737,Action|Adventure|Thriller,3623,Mission: Impossible II ,77,2.5325,2000,Action,Adventure,Thriller,,,,
808,Action|Adventure|Sci-Fi,33493,Star Wars: Episode III - Revenge of the Sith ,77,3.2597,2005,Action,Adventure,Sci-Fi,,,,
767,Action|Adventure|Sci-Fi|Thriller,6333,X2: X-Men United ,76,3.5395,2003,Action,Adventure,Sci-Fi,Thriller,,,
1255,Adventure|Comedy|Drama,46578,Little Miss Sunshine ,76,3.6579,2006,Adventure,Comedy,Drama,,,,
2265,Comedy|Horror,8874,Shaun of the Dead ,76,3.8158,2004,Comedy,Horror,,,,,
249,Action|Adventure|Crime|IMAX,91529,"Dark Knight Rises, The ",75,3.8267,2012,Action,Adventure,Crime,IMAX,,,
422,Comedy|Drama|Romance,3481,High Fidelity ,75,3.52,2000,Comedy,Drama,Romance,,,,
1146,Action|Adventure|Crime|Drama|Thriller,6016,City of God (Cidade de Deus) ,75,4,2002,Action,Adventure,Crime,Drama,Thriller,,
1296,Comedy|Crime,69122,"Hangover, The ",75,3.44,2009,Comedy,Crime,,,,,
783,Action|Crime|Thriller,8665,"Bourne Supremacy, The ",74,3.5946,2004,Action,Crime,Thriller,,,,
2046,Comedy|Drama|Romance,6711,Lost in Translation ,74,3.8649,2003,Comedy,Drama,Romance,,,,
741,Drama|Sci-Fi,3994,Unbreakable ,73,3.274,2000,Drama,Sci-Fi,,,,,
2126,Comedy|Romance,35836,"40-Year-Old Virgin, The ",73,3.3151,2005,Comedy,Romance,,,,,
253,Sci-Fi|IMAX,109487,Interstellar ,72,3.8333,2014,Sci-Fi,IMAX,,,,,
740,Action|Comedy,3977,Charlie's Angels ,72,2.5417,2000,Action,Comedy,,,,,
1052,Animation|Children|Drama,50872,Ratatouille ,71,3.6761,2007,Animation,Children,Drama,,,,
1208,Comedy|Drama|Fantasy|Romance,6373,Bruce Almighty ,71,3.1268,2003,Comedy,Drama,Fantasy,Romance,,,
1254,Action|Adventure|Fantasy,45722,Pirates of the Caribbean: Dead Man's Chest ,71,3.2676,2006,Action,Adventure,Fantasy,,,,
251,Action|Drama|Western,99114,Django Unchained ,70,3.7429,2012,Action,Drama,Western,,,,
421,Drama,3408,Erin Brockovich ,70,3.3429,2000,Drama,,,,,,
439,Crime|Drama|Thriller,4034,Traffic ,70,3.7143,2000,Crime,Drama,Thriller,,,,
1893,Adventure|Fantasy|Thriller|IMAX,40815,Harry Potter and the Goblet of Fire ,70,3.6286,2005,Adventure,Fantasy,Thriller,IMAX,,,
1915,Crime|Drama|Romance,63082,Slumdog Millionaire ,70,3.5714,2008,Crime,Drama,Romance,,,,
1015,Action|Drama|War,3753,"Patriot, The ",68,3.3088,2000,Action,Drama,War,,,,
1066,Action|Adventure|Sci-Fi|IMAX,89745,"Avengers, The ",68,3.6324,2012,Action,Adventure,Sci-Fi,IMAX,,,
1217,Drama|Fantasy|Romance,7147,Big Fish ,68,3.6176,2003,Drama,Fantasy,Romance,,,,
1831,Comedy|Drama,4979,"Royal Tenenbaums, The ",68,3.4559,2001,Comedy,Drama,,,,,
242,Drama|Mystery|Thriller,74458,Shutter Island ,66,3.7727,2010,Drama,Mystery,Thriller,,,,
771,Comedy|Musical,6863,School of Rock ,66,3.1818,2003,Comedy,Musical,,,,,
446,Comedy|Drama|Romance,4246,Bridget Jones's Diary ,65,3.4154,2001,Comedy,Drama,Romance,,,,
847,Comedy,5481,Austin Powers in Goldmember ,65,2.6154,2002,Comedy,,,,,,
867,Comedy|Romance,4447,Legally Blonde ,64,2.9062,2001,Comedy,Romance,,,,,
903,Comedy|Drama|Romance,56367,Juno ,64,3.5,2007,Comedy,Drama,Romance,,,,
1060,Mystery|Sci-Fi|Thriller,70286,District 9 ,64,3.5469,2009,Mystery,Sci-Fi,Thriller,,,,
1804,Comedy|Crime,4025,Miss Congeniality ,64,2.8594,2000,Comedy,Crime,,,,,
2315,Comedy,48385,Borat: Cultural Learnings of America for Make Benefit Glorious Nation of Kazakhstan ,64,3.1406,2006,Comedy,,,,,,
761,Horror|Sci-Fi|Thriller,5502,Signs ,63,2.9841,2002,Horror,Sci-Fi,Thriller,,,,
1050,Action|Adventure|Drama|Sci-Fi|Thriller,48774,Children of Men ,63,3.7302,2006,Action,Adventure,Drama,Sci-Fi,Thriller,,
2058,Crime|Drama,55820,No Country for Old Men ,63,3.6984,2007,Crime,Drama,,,,,
1894,Adventure|Children|Fantasy,41566,"Chronicles of Narnia: The Lion, the Witch and the Wardrobe, The ",62,3.2258,2005,Adventure,Children,Fantasy,,,,
759,Action|Comedy|Sci-Fi,5459,Men in Black II (a.k.a. MIIB) (a.k.a. MIB 2) ,61,2.7705,2002,Action,Comedy,Sci-Fi,,,,
773,Action|Adventure|Drama|War,7143,"Last Samurai, The ",61,3.6885,2003,Action,Adventure,Drama,War,,,
1014,Action|Crime,3717,Gone in 60 Seconds ,61,3.0164,2000,Action,Crime,,,,,
1053,Action|Horror|Sci-Fi|Thriller|IMAX,56174,I Am Legend ,61,3.2459,2007,Action,Horror,Sci-Fi,Thriller,IMAX,,
1048,Action|Adventure|Sci-Fi|Thriller,8644,"I, Robot ",60,3.25,2004,Action,Adventure,Sci-Fi,Thriller,,,
1236,Adventure|Children|Comedy|Fantasy|IMAX,30793,Charlie and the Chocolate Factory ,60,2.7333,2005,Adventure,Children,Comedy,Fantasy,IMAX,,
1841,Comedy|Romance,5299,My Big Fat Greek Wedding ,60,3.0833,2002,Comedy,Romance,,,,,
2325,Action|Comedy|Crime|Mystery,51255,Hot Fuzz ,60,3.75,2007,Action,Comedy,Crime,Mystery,,,
877,Comedy|Drama|Romance,6942,Love Actually ,59,3.4915,2003,Comedy,Drama,Romance,,,,
1040,Crime|Horror|Mystery|Thriller,3535,American Psycho ,59,3.5932,2000,Crime,Horror,Mystery,Thriller,,,
1209,Action|Crime,6378,"Italian Job, The ",59,3.3898,2003,Action,Crime,,,,,
894,Action|Adventure|Comedy|Romance,33679,Mr. & Mrs. Smith ,58,3.069,2005,Action,Adventure,Comedy,Romance,,,
1045,Action|Horror|Sci-Fi,6502,28 Days Later ,58,3.7414,2002,Action,Horror,Sci-Fi,,,,
1077,Action|Adventure|Sci-Fi,112852,Guardians of the Galaxy ,58,3.8448,2014,Action,Adventure,Sci-Fi,,,,
1151,Action|Adventure|Sci-Fi|IMAX,68358,Star Trek ,58,3.6897,2009,Action,Adventure,Sci-Fi,IMAX,,,
1201,Documentary,5669,Bowling for Columbine ,58,3.5345,2002,Documentary,,,,,,
917,Adventure|Fantasy|Mystery|Romance|IMAX,69844,Harry Potter and the Half-Blood Prince ,57,3.7018,2009,Adventure,Fantasy,Mystery,Romance,IMAX,,
927,Action|Crime|Mystery|Thriller,73017,Sherlock Holmes ,57,3.6316,2009,Action,Crime,Mystery,Thriller,,,
934,Drama,81845,"King's Speech, The ",57,3.8772,2010,Drama,,,,,,
1152,Drama,80463,"Social Network, The ",57,3.7018,2010,Drama,,,,,,
1891,Comedy|Romance,34162,Wedding Crashers ,57,3.2982,2005,Comedy,Romance,,,,,
2518,Adventure|Drama|Fantasy|IMAX,54001,Harry Potter and the Order of the Phoenix ,57,3.6491,2007,Adventure,Drama,Fantasy,IMAX,,,
746,Adventure|Drama|Sci-Fi,4370,A.I. Artificial Intelligence ,56,3.1429,2001,Adventure,Drama,Sci-Fi,,,,
1226,Comedy,8641,Anchorman: The Legend of Ron Burgundy ,56,3.5179,2004,Comedy,,,,,,
450,Drama|Musical|Romance,4308,Moulin Rouge ,55,3.4182,2001,Drama,Musical,Romance,,,,
856,Crime|Drama,5956,Gangs of New York ,55,3.3273,2002,Crime,Drama,,,,,
1043,Drama|Horror|Mystery|Thriller,4720,"Others, The ",55,3.3636,2001,Drama,Horror,Mystery,Thriller,,,
1263,Action|Adventure|Comedy|Fantasy,53125,Pirates of the Caribbean: At World's End ,55,3.2,2007,Action,Adventure,Comedy,Fantasy,,,
742,Comedy|Romance,4018,What Women Want ,54,2.9259,2000,Comedy,Romance,,,,,
1133,Adventure|Animation|Children|Comedy|Fantasy|IMAX,78499,Toy Story 3 ,54,3.963,2010,Adventure,Animation,Children,Comedy,Fantasy,IMAX,
1194,Comedy,4816,Zoolander ,54,3.3333,2001,Comedy,,,,,,
2057,Comedy,54503,Superbad ,54,3.6296,2007,Comedy,,,,,,
252,Comedy|Crime|Drama,106782,"Wolf of Wall Street, The ",53,3.7736,2013,Comedy,Crime,Drama,,,,
429,Comedy,3911,Best in Show ,53,3.5094,2000,Comedy,,,,,,
1067,Action|Adventure|Drama|Sci-Fi|Thriller,91500,The Hunger Games ,53,3.1887,2012,Action,Adventure,Drama,Sci-Fi,Thriller,,
1081,Action|Adventure|Comedy|Sci-Fi,122904,Deadpool ,53,3.6604,2016,Action,Adventure,Comedy,Sci-Fi,,,
1282,Action|Animation|Children|Comedy|IMAX,59784,Kung Fu Panda ,53,3.2075,2008,Action,Animation,Children,Comedy,IMAX,,
241,Action|Comedy|Horror,71535,Zombieland ,52,3.7115,2009,Action,Comedy,Horror,,,,
1147,Crime|Drama|Mystery,6870,Mystic River ,52,3.5,2003,Crime,Drama,Mystery,,,,
1925,Adventure|Animation|Children|Fantasy|IMAX,76093,How to Train Your Dragon ,52,3.7115,2010,Adventure,Animation,Children,Fantasy,IMAX,,
2049,Drama,30707,Million Dollar Baby ,52,3.6538,2004,Drama,,,,,,
2319,Action|Adventure|Crime|Drama|Thriller|War,49530,Blood Diamond ,52,3.5769,2006,Action,Adventure,Crime,Drama,Thriller,War,
445,Crime|Drama,4239,Blow ,51,3.6667,2001,Crime,Drama,,,,,
816,Action|Sci-Fi|Thriller,45499,X-Men: The Last Stand ,51,3.1373,2006,Action,Sci-Fi,Thriller,,,,
961,Comedy|Drama,109374,"Grand Budapest Hotel, The ",51,3.6078,2014,Comedy,Drama,,,,,
1824,Crime|Drama|Thriller,4776,Training Day ,51,3.6275,2001,Crime,Drama,Thriller,,,,
1828,Crime|Drama|Film-Noir|Mystery|Thriller,4848,Mulholland Drive ,51,3.7059,2001,Crime,Drama,Film-Noir,Mystery,Thriller,,
1904,Comedy|Drama|Romance,52973,Knocked Up ,51,3.3725,2007,Comedy,Drama,Romance,,,,
1187,Comedy|Horror,3785,Scary Movie ,50,2.74,2000,Comedy,Horror,,,,,
1241,Action|Adventure|Sci-Fi,34405,Serenity ,50,3.72,2005,Action,Adventure,Sci-Fi,,,,
1361,Drama|Thriller|War,116797,The Imitation Game ,50,3.82,2014,Drama,Thriller,War,,,,
2047,Comedy|Documentary|Drama,8464,Super Size Me ,50,3.32,2004,Comedy,Documentary,Drama,,,,
2219,Action|Drama|War,5010,Black Hawk Down ,50,3.66,2001,Action,Drama,War,,,,
2285,Crime|Drama,33166,Crash ,50,3.7,2004,Crime,Drama,,,,,
747,Action|Adventure|Drama|Sci-Fi,4643,Planet of the Apes ,49,2.6122,2001,Action,Adventure,Drama,Sci-Fi,,,
760,Crime|Drama,5464,Road to Perdition ,49,3.3469,2002,Crime,Drama,,,,,
766,Comedy|Crime|Drama|Musical,5991,Chicago ,49,3.5102,2002,Comedy,Crime,Drama,Musical,,,
811,Action|Adventure|Sci-Fi|Thriller,34048,War of the Worlds ,49,2.8776,2005,Action,Adventure,Sci-Fi,Thriller,,,
950,Action|Adventure|Thriller|IMAX,96079,Skyfall ,49,3.5918,2012,Action,Adventure,Thriller,IMAX,,,
1225,Action|Adventure|Drama|Sci-Fi|Thriller,8361,"Day After Tomorrow, The ",49,2.8163,2004,Action,Adventure,Drama,Sci-Fi,Thriller,,
1896,Drama|Mystery|Thriller,45447,"Da Vinci Code, The ",49,2.898,2006,Drama,Mystery,Thriller,,,,
1938,Action|Adventure|Drama|Fantasy|Mystery|IMAX,88125,Harry Potter and the Deathly Hallows: Part 2 ,49,3.6939,2011,Action,Adventure,Drama,Fantasy,Mystery,IMAX,
885,Action|Adventure|Drama|War,7458,Troy ,48,3.2292,2004,Action,Adventure,Drama,War,,,
890,Drama|War,30749,Hotel Rwanda ,48,3.5833,2004,Drama,War,,,,,
433,Drama|Romance,4014,Chocolat ,47,3.3404,2000,Drama,Romance,,,,,
886,Comedy|Drama|Romance,8529,"Terminal, The ",47,3.1064,2004,Comedy,Drama,Romance,,,,
1084,Adventure|Drama|Sci-Fi,134130,The Martian ,47,3.8298,2015,Adventure,Drama,Sci-Fi,,,,
1202,Horror|Mystery|Thriller,5679,"Ring, The ",47,3,2002,Horror,Mystery,Thriller,,,,
1227,Comedy|Drama|Romance,8784,Garden State ,47,3.4681,2004,Comedy,Drama,Romance,,,,
257,Action|Adventure|Sci-Fi|Thriller,122882,Mad Max: Fury Road ,46,3.6522,2015,Action,Adventure,Sci-Fi,Thriller,,,
855,Comedy|Drama|Romance,5902,Adaptation ,46,3.7391,2002,Comedy,Drama,Romance,,,,
882,Comedy|Romance,7293,50 First Dates ,46,3.3696,2004,Comedy,Romance,,,,,
898,Drama,47099,"Pursuit of Happyness, The ",46,3.6304,2006,Drama,,,,,,
1046,Drama|Sci-Fi|Thriller,7254,The Butterfly Effect ,46,3.3913,2004,Drama,Sci-Fi,Thriller,,,,
1057,Crime|Drama,64614,Gran Torino ,46,3.7391,2008,Crime,Drama,,,,,
1205,Drama|War,5995,"Pianist, The ",46,3.8913,2002,Drama,War,,,,,
1312,Action|Adventure|Sci-Fi|Thriller|IMAX,77561,Iron Man 2 ,46,3.3261,2010,Action,Adventure,Sci-Fi,Thriller,IMAX,,
1756,Adventure|Comedy,3752,"Me, Myself & Irene ",46,2.9348,2000,Adventure,Comedy,,,,,
1933,Action|Adventure|Fantasy|IMAX,81834,Harry Potter and the Deathly Hallows: Part 1 ,46,3.8478,2010,Action,Adventure,Fantasy,IMAX,,,
1018,Drama|Horror|Thriller,3863,"Cell, The ",45,2.8667,2000,Drama,Horror,Thriller,,,,
1269,Animation|Comedy,54272,"Simpsons Movie, The ",45,3.4222,2007,Animation,Comedy,,,,,
1811,Action|Adventure|Comedy|Thriller,4270,"Mummy Returns, The ",45,2.8444,2001,Action,Adventure,Comedy,Thriller,,,
1816,Action|Crime|Thriller,4369,"Fast and the Furious, The ",45,2.8444,2001,Action,Crime,Thriller,,,,
1822,Comedy,4718,American Pie 2 ,45,2.8222,2001,Comedy,,,,,,
2234,Action|Adventure|Sci-Fi,6537,Terminator 3: Rise of the Machines ,45,2.7556,2003,Action,Adventure,Sci-Fi,,,,
869,Comedy|Drama|Romance,5377,About a Boy ,44,3.5,2002,Comedy,Drama,Romance,,,,
892,Comedy|Romance,31685,Hitch ,44,2.9091,2005,Comedy,Romance,,,,,
1203,Action|Sci-Fi|Thriller,5903,Equilibrium ,44,3.6591,2002,Action,Sci-Fi,Thriller,,,,
1794,Drama|Thriller,3755,"Perfect Storm, The ",44,2.9545,2000,Drama,Thriller,,,,,
2716,Mystery|Romance|Sci-Fi|Thriller,4975,Vanilla Sky ,44,3.25,2001,Mystery,Romance,Sci-Fi,Thriller,,,
235,Action|Crime|Drama|Thriller,8798,Collateral ,43,3.5581,2004,Action,Crime,Drama,Thriller,,,
745,Action|Drama|Romance|War,4310,Pearl Harbor ,43,2.7674,2001,Action,Drama,Romance,War,,,
798,Action|Comedy|Crime|Thriller,8984,Ocean's Twelve ,43,3.093,2004,Action,Comedy,Crime,Thriller,,,
1013,Action|Adventure|Comedy|Western,3624,Shanghai Noon ,43,3,2000,Action,Adventure,Comedy,Western,,,
1075,Action|Sci-Fi|IMAX,111759,Edge of Tomorrow ,43,3.7442,2014,Action,Sci-Fi,IMAX,,,,
1184,Action|Crime|Drama|Thriller,3275,"Boondock Saints, The ",43,3.9302,2000,Action,Crime,Drama,Thriller,,,
1238,Adventure|Comedy|Sci-Fi,33004,"Hitchhiker's Guide to the Galaxy, The ",43,3.2558,2005,Adventure,Comedy,Sci-Fi,,,,
1245,Animation|Comedy|Fantasy|Musical|Romance,37729,Corpse Bride ,43,3.3023,2005,Animation,Comedy,Fantasy,Musical,Romance,,
1317,Action|Comedy|Fantasy|Musical|Romance,79702,Scott Pilgrim vs. the World ,43,3.5349,2010,Action,Comedy,Fantasy,Musical,Romance,,
2054,Comedy|Drama|Fantasy|Romance,46976,Stranger than Fiction ,43,3.4419,2006,Comedy,Drama,Fantasy,Romance,,,
2127,Drama|Fantasy|Mystery|Romance,47610,"Illusionist, The ",43,3.5814,2006,Drama,Fantasy,Mystery,Romance,,,
2978,Action|Adventure|Sci-Fi|Thriller|IMAX,52722,Spider-Man 3 ,43,2.6977,2007,Action,Adventure,Sci-Fi,Thriller,IMAX,,
1085,Adventure|Animation|Children|Comedy|Drama|Fantasy,134853,Inside Out ,42,3.6429,2015,Adventure,Animation,Children,Comedy,Drama,Fantasy,
1285,Action|Drama|Mystery|Sci-Fi|Thriller|IMAX,60684,Watchmen ,42,3.8095,2009,Action,Drama,Mystery,Sci-Fi,Thriller,IMAX,
1311,Action|Comedy,76251,Kick-Ass ,42,3.4048,2010,Action,Comedy,,,,,
1327,Action|Adventure|Sci-Fi|Thriller|War,87232,X-Men: First Class ,42,3.5238,2011,Action,Adventure,Sci-Fi,Thriller,War,,
1700,Comedy|Crime,3301,"Whole Nine Yards, The ",42,3.3571,2000,Comedy,Crime,,,,,
220,Comedy,3617,Road Trip ,41,2.9024,2000,Comedy,,,,,,
250,Drama|Thriller,91658,"Girl with the Dragon Tattoo, The ",41,3.3171,2011,Drama,Thriller,,,,,
739,Drama,3916,Remember the Titans ,41,3.561,2000,Drama,,,,,,
1059,Comedy|Drama|Romance,69757,(500) Days of Summer ,41,3.4634,2009,Comedy,Drama,Romance,,,,
1812,Action|Comedy|Romance,4299,"Knight's Tale, A ",41,3.1463,2001,Action,Comedy,Romance,,,,
1911,Action|Crime|Drama|Thriller,59369,Taken ,41,3.3902,2008,Action,Crime,Drama,Thriller,,,
1932,Drama|Thriller,81591,Black Swan ,41,3.4146,2010,Drama,Thriller,,,,,
2771,Drama,5810,8 Mile ,41,3.122,2002,Drama,,,,,,
743,Drama|War,4223,Enemy at the Gates ,40,3.325,2001,Drama,War,,,,,
817,Animation|Children|Comedy,45517,Cars ,40,3.15,2006,Animation,Children,Comedy,,,,
1080,Action|Adventure|Fantasy|Sci-Fi|IMAX,122886,Star Wars: Episode VII - The Force Awakens ,40,3.55,2015,Action,Adventure,Fantasy,Sci-Fi,IMAX,,
1149,Adventure|Animation|Fantasy|Romance,31658,Howl's Moving Castle (Hauru no ugoku shiro) ,40,3.9,2004,Adventure,Animation,Fantasy,Romance,,,
1221,Action|Adventure|Fantasy|Horror,7373,Hellboy ,40,3.15,2004,Action,Adventure,Fantasy,Horror,,,
1239,Adventure|Animation|Children|Comedy,33615,Madagascar ,40,3.175,2005,Adventure,Animation,Children,Comedy,,,
1271,Action|Adventure|Drama,55247,Into the Wild ,40,3.6,2007,Action,Adventure,Drama,,,,
1278,Comedy|Crime|Drama|Thriller,57669,In Bruges ,40,3.925,2008,Comedy,Crime,Drama,Thriller,,,
1815,Action|Adventure,4367,Lara Croft: Tomb Raider ,40,2.65,2001,Action,Adventure,,,,,
1997,Action|Animation|Comedy,115617,Big Hero 6 ,40,3.65,2014,Action,Animation,Comedy,,,,
3189,Comedy|Drama|Romance,6218,Bend It Like Beckham ,40,3.075,2002,Comedy,Drama,Romance,,,,
781,Comedy,8528,Dodgeball: A True Underdog Story ,39,3.359,2004,Comedy,,,,,,
896,Drama|Musical|Romance,40819,Walk the Line ,39,3.5385,2005,Drama,Musical,Romance,,,,
1010,Horror|Sci-Fi|Thriller,3300,Pitch Black ,39,3.4103,2000,Horror,Sci-Fi,Thriller,,,,
1022,Horror|Thriller,4148,Hannibal ,39,2.7436,2001,Horror,Thriller,,,,,
1251,Crime|Drama|Thriller,44199,Inside Man ,39,3.5897,2006,Crime,Drama,Thriller,,,,
1342,Adventure|Fantasy|IMAX,98809,"Hobbit: An Unexpected Journey, The ",39,3.6154,2012,Adventure,Fantasy,IMAX,,,,
1764,Horror|Sci-Fi|Thriller,3826,Hollow Man ,39,2.1026,2000,Horror,Sci-Fi,Thriller,,,,
2299,Action|Adventure|Drama|Fantasy|Thriller,41569,King Kong ,39,3.2051,2005,Action,Adventure,Drama,Fantasy,Thriller,,
3187,Comedy,6188,Old School ,39,3.2564,2003,Comedy,,,,,,
3193,Children|Comedy|Fantasy,6936,Elf ,39,3.5385,2003,Children,Comedy,Fantasy,,,,
254,Drama,112552,Whiplash ,38,3.8158,2014,Drama,,,,,,
791,Comedy|Drama|Romance,8949,Sideways ,38,3.5789,2004,Comedy,Drama,Romance,,,,
797,Action|Adventure|Drama|Mystery|Thriller,8972,National Treasure ,38,3.0789,2004,Action,Adventure,Drama,Mystery,Thriller,,
884,Comedy,7451,Mean Girls ,38,3.4474,2004,Comedy,,,,,,
887,Drama|Romance,8533,"Notebook, The ",38,3.3684,2004,Drama,Romance,,,,,
1131,Mystery|Thriller,27773,Old Boy ,38,3.8684,2003,Mystery,Thriller,,,,,
1268,Action|Sci-Fi|Thriller|IMAX,53996,Transformers ,38,3.1316,2007,Action,Sci-Fi,Thriller,IMAX,,,
1281,Action|Adventure|Comedy|Sci-Fi,59615,Indiana Jones and the Kingdom of the Crystal Skull ,38,2.6053,2008,Action,Adventure,Comedy,Sci-Fi,,,
1910,Comedy|Romance,58998,Forgetting Sarah Marshall ,38,3.6053,2008,Comedy,Romance,,,,,
2063,Comedy|Crime|Drama,61323,Burn After Reading ,38,3.2895,2008,Comedy,Crime,Drama,,,,
430,Drama,3967,Billy Elliot ,37,3.6757,2000,Drama,,,,,,
931,Animation|Children|Comedy|Crime,79091,Despicable Me ,37,3.4324,2010,Animation,Children,Comedy,Crime,,,
944,Comedy|Drama,92259,Intouchables ,37,3.9459,2011,Comedy,Drama,,,,,
1197,Thriller,5266,Panic Room ,37,2.7568,2002,Thriller,,,,,,
1229,Drama|Mystery|Thriller,8950,The Machinist ,37,3.7838,2004,Drama,Mystery,Thriller,,,,
1253,Crime|Drama|Mystery,44665,Lucky Number Slevin ,37,3.6486,2006,Crime,Drama,Mystery,,,,
1261,Crime|Drama|Thriller,51540,Zodiac ,37,3.5135,2007,Crime,Drama,Thriller,,,,
1289,Drama|Fantasy|Mystery|Romance,64957,"Curious Case of Benjamin Button, The ",37,3.2973,2008,Drama,Fantasy,Mystery,Romance,,,
1333,Action|Adventure|Comedy|Crime|Mystery|Thriller,91542,Sherlock Holmes: A Game of Shadows ,37,3.5405,2011,Action,Adventure,Comedy,Crime,Mystery,Thriller,
1802,Adventure|Animation|Children|Comedy|Fantasy,4016,"Emperor's New Groove, The ",37,3.5135,2000,Adventure,Animation,Children,Comedy,Fantasy,,
2048,Documentary,8622,Fahrenheit 9/11 ,37,3.2703,2004,Documentary,,,,,,
2250,Action|Adventure|Drama,7090,Hero (Ying xiong) ,37,3.7027,2002,Action,Adventure,Drama,,,,
1039,Drama|Thriller,3510,Frequency ,36,3.2778,2000,Drama,Thriller,,,,,
1076,Drama|Thriller,112556,Gone Girl ,36,3.5556,2014,Drama,Thriller,,,,,
1240,Action|Adventure|Sci-Fi,34150,Fantastic Four ,36,2.5833,2005,Action,Adventure,Sci-Fi,,,,
1274,Crime|Drama|Thriller,55765,American Gangster ,36,3.75,2007,Crime,Drama,Thriller,,,,
1821,Action|Adventure|Sci-Fi|Thriller,4638,Jurassic Park III ,36,2.75,2001,Action,Adventure,Sci-Fi,Thriller,,,
2242,Adventure|Drama|War,6947,Master and Commander: The Far Side of the World ,36,3.3889,2003,Adventure,Drama,War,,,,
3144,Comedy,8376,Napoleon Dynamite ,36,3.1389,2004,Comedy,,,,,,
3148,Adventure|Comedy|Fantasy,30810,"Life Aquatic with Steve Zissou, The ",36,3.2778,2004,Adventure,Comedy,Fantasy,,,,
966,Action|Adventure|Comedy|Crime,119145,Kingsman: The Secret Service ,35,3.8571,2015,Action,Adventure,Comedy,Crime,,,
1011,Drama|Thriller,3409,Final Destination ,35,2.8,2000,Drama,Thriller,,,,,
1243,Action|Crime|Drama|Thriller|War,36529,Lord of War ,35,3.5143,2005,Action,Crime,Drama,Thriller,War,,
2306,Comedy|Drama,44195,Thank You for Smoking ,35,3.9143,2006,Comedy,Drama,,,,,
1367,Action|Adventure|Sci-Fi,122918,Guardians of the Galaxy 2 ,27,3.7778,2017,Action,Adventure,Sci-Fi,,,,
1392,Action|Sci-Fi,168252,Logan ,24,4.0833,2017,Action,Sci-Fi,,,,,
2135,Action|Adventure|Sci-Fi,122916,Thor: Ragnarok ,20,3.8,2017,Action,Adventure,Sci-Fi,,,,
2136,Sci-Fi,176371,Blade Runner 2049 ,18,3.5556,2017,Sci-Fi,,,,,,
1369,Action|Adventure|Fantasy,122926,Untitled Spider-Man Reboot ,16,4,2017,Action,Adventure,Fantasy,,,,
3121,Horror,168250,Get Out ,14,3.3571,2017,Horror,,,,,,
2134,Action|Adventure|Sci-Fi,122912,Avengers: Infinity War - Part I ,13,3.8462,2018,Action,Adventure,Sci-Fi,,,,
2878,Action|Drama|Thriller|War,174055,Dunkirk ,13,3.2308,2017,Action,Drama,Thriller,War,,,
3117,Action|Adventure|Fantasy,143355,Wonder Woman ,13,3,2017,Action,Adventure,Fantasy,,,,
4025,Adventure|Animation|Children,177765,Coco ,13,3.3846,2017,Adventure,Animation,Children,,,,
2138,Action|Comedy|Sci-Fi,187593,Deadpool 2 ,12,3.75,2018,Action,Comedy,Sci-Fi,,,,
3129,Action|Adventure|Fantasy|Sci-Fi,179819,Star Wars: The Last Jedi ,12,2.8333,2017,Action,Adventure,Fantasy,Sci-Fi,,,
5445,Action|Adventure|Sci-Fi,122906,Black Panther ,11,3.5455,2017,Action,Adventure,Sci-Fi,,,,
3123,Action|Crime|Thriller,171763,Baby Driver ,9,4.1111,2017,Action,Crime,Thriller,,,,
3127,Horror,175303,It ,9,3.2222,2017,Horror,,,,,,
1394,Action|Adventure|Comedy,176101,Kingsman: The Golden Circle ,8,2.875,2017,Action,Adventure,Comedy,,,,
1395,Crime|Drama,177593,"Three Billboards Outside Ebbing, Missouri ",8,4.5,2017,Crime,Drama,,,,,
5660,Adventure|Drama|Fantasy,180031,The Shape of Water ,8,3.5,2017,Adventure,Drama,Fantasy,,,,
2008,(no genres listed),122896,Pirates of the Caribbean: Dead Men Tell No Tales ,7,3.5714,2017,(no genres listed),,,,,,
4624,Action|Animation|Comedy,167746,The Lego Batman Movie ,7,3.5714,2017,Action,Animation,Comedy,,,,
2035,Action|Crime|Thriller,168248,John Wick: Chapter Two ,6,3.8333,2017,Action,Crime,Thriller,,,,
2842,Action|Adventure|Sci-Fi,122898,Justice League ,6,2.3333,2017,Action,Adventure,Sci-Fi,,,,
3128,Action|Adventure|Children,179401,Jumanji: Welcome to the Jungle ,6,3.5,2017,Action,Adventure,Children,,,,
3120,Drama|Horror|Thriller,166534,Split ,5,2.8,2017,Drama,Horror,Thriller,,,,
3134,Action|Adventure|Children|Sci-Fi,187595,Solo: A Star Wars Story ,5,3.8,2018,Action,Adventure,Children,Sci-Fi,,,
4627,Animation|Children|Comedy,168418,The Boss Baby ,5,3.6,2017,Animation,Children,Comedy,,,,
5471,Drama,180985,The Greatest Showman ,5,2.8,2017,Drama,,,,,,
5675,Animation|Comedy,183897,Isle of Dogs ,5,3.2,2018,Animation,Comedy,,,,,
6115,Action|Horror|Sci-Fi|Thriller,169984,Alien: Covenant ,5,2.6,2017,Action,Horror,Sci-Fi,Thriller,,,
6117,Action|Crime|Mystery|Thriller,175569,Wind River ,5,3.2,2017,Action,Crime,Mystery,Thriller,,,
2137,Action|Adventure|Animation|Children,187541,Incredibles 2 ,4,3,2018,Action,Adventure,Animation,Children,,,
2870,Action|Adventure|Fantasy,168254,Kong: Skull Island ,4,3,2017,Action,Adventure,Fantasy,,,,
2871,Drama|Romance,168492,Call Me by Your Name ,4,3.5,2017,Drama,Romance,,,,,
3132,Action|Adventure|Fantasy,184471,Tomb Raider ,4,2.25,2018,Action,Adventure,Fantasy,,,,
4626,Comedy|Romance,168326,The Big Sick ,4,4,2017,Comedy,Romance,,,,,
4829,Crime|Drama,168266,T2: Trainspotting ,4,3.5,2017,Crime,Drama,,,,,
5032,Action|Adventure|Drama|Sci-Fi,173145,War for the Planet of the Apes ,4,2.75,2017,Action,Adventure,Drama,Sci-Fi,,,
5627,Drama|Horror|Thriller,185029,A Quiet Place ,4,2.5,2018,Drama,Horror,Thriller,,,,
5671,Drama,170697,Gifted ,4,4,2017,Drama,,,,,,
5674,Action|Crime|Fantasy,182823,Bright ,4,2.75,2017,Action,Crime,Fantasy,,,,
6892,Action|Adventure|Sci-Fi,173291,Valerian and the City of a Thousand Planets ,4,2.75,2017,Action,Adventure,Sci-Fi,,,,
1396,Drama,180095,Wonder ,3,4,2017,Drama,,,,,,
2882,Horror|Thriller,175485,Death Note ,3,1.3333,2017,Horror,Thriller,,,,,
2883,Action|Comedy,175661,The Hitman's Bodyguard ,3,2.3333,2017,Action,Comedy,,,,,
2890,Action|Adventure|Comedy|Fantasy|Sci-Fi,188301,Ant-Man and the Wasp ,3,3.6667,2018,Action,Adventure,Comedy,Fantasy,Sci-Fi,,
3130,Adventure|Mystery|Sci-Fi|Thriller,182715,Annihilation ,3,3.6667,2018,Adventure,Mystery,Sci-Fi,Thriller,,,
4633,Action|Comedy,170813,Baywatch ,3,3,2017,Action,Comedy,,,,,
5033,Comedy,177615,Lady Bird ,3,3,2017,Comedy,,,,,,
5626,Drama|War,179817,Darkest Hour ,3,3.6667,2017,Drama,War,,,,,
5984,Drama,178061,"I, Tonya ",3,3.3333,2017,Drama,,,,,,
6568,Crime|Drama|Mystery,177763,Murder on the Orient Express ,3,2.3333,2017,Crime,Drama,Mystery,,,,